順位,チーム名,試合,勝利,敗戦,引分,勝率,勝差,残試合,得点,失点,本塁打,盗塁,打率,防御率,失策,date
1,ロッテ,21,13,8,0,0.619,-,122,71,59,11,6,0.224,2.8,5,2023-04-27 00:21:50.446639
2,オリックス,21,12,9,0,0.571,1,122,74,71,22,8,0.253,3.32,7,2023-04-27 00:21:50.446639
2,西武,21,12,9,0,0.571,0,122,75,56,18,15,0.248,2.49,7,2023-04-27 00:21:50.446639
4,ソフトバンク,18,10,8,0,0.556,0.5,125,60,53,8,10,0.235,2.71,7,2023-04-27 00:21:50.446639
5,楽天,19,7,12,0,0.368,3.5,124,47,71,15,13,0.203,3.48,8,2023-04-27 00:21:50.446639
6,日本ハム,22,7,15,0,0.318,1.5,121,74,91,11,14,0.219,3.79,12,2023-04-27 00:21:50.446639
2,ソフトバンク,19,11,8,0,0.579,1,124,65,56,9,10,0.232,2.73,7,2023-04-28 02:14:35.001123
3,オリックス,21,12,9,0,0.571,0,122,74,71,22,8,0.253,3.32,7,2023-04-28 02:14:35.001123
3,西武,21,12,9,0,0.571,0,122,75,56,18,15,0.248,2.49,7,2023-04-28 02:14:35.001123
5,楽天,20,7,13,0,0.35,4.5,123,50,76,16,13,0.203,3.58,9,2023-04-28 02:14:35.001123
6,日本ハム,22,7,15,0,0.318,1,121,74,91,11,14,0.219,3.79,12,2023-04-28 02:14:35.001123
1,ロッテ,22,14,8,0,0.636,-,121,75,62,11,7,0.224,2.8,5,2023-04-29 03:14:53.480660
2,ソフトバンク,20,12,8,0,0.6,1,123,71,59,10,11,0.238,2.73,7,2023-04-29 03:14:53.480660
3,西武,22,13,9,0,0.591,0,121,79,56,20,15,0.251,2.38,7,2023-04-29 03:14:53.480660
4,オリックス,22,12,10,0,0.545,1,121,77,75,22,8,0.253,3.34,7,2023-04-29 03:14:53.480660
5,楽天,21,7,14,0,0.333,4.5,122,50,80,16,13,0.196,3.62,9,2023-04-29 03:14:53.480660
6,日本ハム,23,7,16,0,0.304,1,120,77,97,12,15,0.216,3.87,12,2023-04-29 03:14:53.480660
1,ロッテ,23,14,9,0,0.609,-,120,77,65,11,7,0.226,2.82,5,2023-04-29 11:54:25.933994
2,ソフトバンク,21,12,9,0,0.571,1,122,72,62,11,11,0.238,2.75,7,2023-04-29 11:54:25.933994
3,オリックス,23,13,10,0,0.565,0,120,80,77,22,8,0.254,3.28,7,2023-04-29 11:54:25.933994
3,西武,23,13,10,0,0.565,0,120,81,64,21,16,0.25,2.54,9,2023-04-29 11:54:25.933994
5,楽天,22,8,14,0,0.364,4.5,121,58,82,19,13,0.199,3.54,11,2023-04-29 11:54:25.933994
6,日本ハム,24,8,16,0,0.333,1,119,80,98,13,15,0.219,3.75,12,2023-04-29 11:54:25.933994
1,オリックス,24,14,10,0,0.583,-,119,84,80,22,8,0.256,3.19,8,2023-04-30 16:47:36.215300
1,ロッテ,24,14,10,0,0.583,-,119,80,69,11,7,0.226,2.76,6,2023-04-30 16:47:36.215300
3,ソフトバンク,22,12,10,0,0.545,1,121,73,67,11,11,0.239,2.87,8,2023-04-30 16:47:36.215300
4,西武,24,13,11,0,0.542,0,119,87,71,22,16,0.254,2.67,11,2023-04-30 16:47:36.215300
5,楽天,23,9,14,0,0.391,3.5,120,65,88,21,13,0.205,3.55,13,2023-04-30 16:47:36.215300
6,日本ハム,25,9,16,0,0.36,1,118,85,99,15,16,0.221,3.64,12,2023-04-30 16:47:36.215300
1,オリックス,25,15,10,0,0.6,-,118,85,80,22,8,0.257,3.07,8,2023-05-02 14:12:59.312866
2,ロッテ,25,14,11,0,0.56,1,118,81,74,12,7,0.227,2.87,6,2023-05-02 14:12:59.312866
3,ソフトバンク,23,12,11,0,0.522,1,120,73,68,11,11,0.236,2.79,8,2023-05-02 14:12:59.312866
4,西武,25,13,12,0,0.52,0,118,88,78,22,19,0.251,2.69,14,2023-05-02 14:12:59.312866
5,楽天,24,10,14,0,0.417,2.5,119,70,89,21,16,0.209,3.44,13,2023-05-02 14:12:59.312866
6,日本ハム,26,10,16,0,0.385,1,117,92,100,15,19,0.223,3.54,12,2023-05-02 14:12:59.312866
1,オリックス,26,16,10,0,0.615,-,117,94,84,23,9,0.268,3.1,8,2023-05-03 14:12:39.974015
2,ロッテ,26,15,11,0,0.577,1,117,83,74,13,7,0.226,2.74,7,2023-05-03 14:12:39.974015
3,西武,26,14,12,0,0.538,1,117,91,79,22,20,0.252,2.62,14,2023-05-03 14:12:39.974015
4,ソフトバンク,24,12,12,0,0.5,1,119,77,77,13,11,0.238,3.06,8,2023-05-03 14:12:39.974015
5,楽天,25,10,15,0,0.4,2.5,118,70,91,21,19,0.207,3.36,13,2023-05-03 14:12:39.974015
6,日本ハム,27,10,17,0,0.37,1,116,93,103,15,19,0.226,3.45,14,2023-05-03 14:12:39.974015
1,オリックス,27,16,11,0,0.593,-,116,101,92,24,10,0.271,3.27,8,2023-05-04 14:13:10.790804
2,ロッテ,27,15,12,0,0.556,1,116,83,80,13,9,0.224,2.88,7,2023-05-04 14:13:10.790804
3,ソフトバンク,25,13,12,0,0.52,1,118,85,84,15,11,0.244,3.15,9,2023-05-04 14:13:10.790804
4,西武,27,14,13,0,0.519,0,116,91,80,22,20,0.247,2.56,14,2023-05-04 14:13:10.790804
5,楽天,26,11,15,0,0.423,2.5,117,76,91,21,20,0.212,3.23,13,2023-05-04 14:13:10.790804
6,日本ハム,28,11,17,0,0.393,1,115,94,103,16,19,0.227,3.33,14,2023-05-04 14:13:10.790804
1,オリックス,28,17,11,0,0.607,-,115,107,92,24,10,0.273,3.15,8,2023-05-05 14:12:33.286656
2,ロッテ,28,15,12,1,0.556,1.5,115,83,80,13,9,0.222,2.74,7,2023-05-05 14:12:33.286656
3,ソフトバンク,26,13,12,1,0.52,1,117,85,84,15,11,0.24,2.99,9,2023-05-05 14:12:33.286656
4,西武,28,14,14,0,0.5,0.5,115,91,86,22,20,0.246,2.7,14,2023-05-05 14:12:33.286656
5,日本ハム,29,12,17,0,0.414,2.5,114,99,105,16,20,0.231,3.21,15,2023-05-05 14:12:33.286656
6,楽天,27,11,16,0,0.407,0,116,78,96,21,21,0.214,3.31,13,2023-05-05 14:12:33.286656
1,オリックス,29,18,11,0,0.621,-,114,111,95,24,11,0.274,3.15,9,2023-05-06 14:11:19.530331
2,ソフトバンク,27,14,12,1,0.538,2.5,116,91,87,17,12,0.243,2.99,9,2023-05-06 14:11:19.530331
3,ロッテ,29,15,13,1,0.536,0,114,86,86,13,9,0.227,2.85,7,2023-05-06 14:11:19.530331
4,西武,29,14,15,0,0.483,1.5,114,94,90,23,21,0.247,2.75,14,2023-05-06 14:11:19.530331
5,楽天,28,12,16,0,0.429,1.5,115,83,96,24,21,0.215,3.19,14,2023-05-06 14:11:19.530331
6,日本ハム,30,12,18,0,0.4,1,113,99,110,16,20,0.229,3.27,16,2023-05-06 14:11:19.530331
1,オリックス,30,18,12,0,0.6,-,113,115,100,25,11,0.272,3.21,9,2023-05-07 14:11:22.148706
2,ソフトバンク,27,14,12,1,0.538,2,116,91,87,17,12,0.243,2.99,9,2023-05-07 14:11:22.148706
4,西武,30,15,15,0,0.5,1,113,99,94,23,21,0.248,2.79,14,2023-05-07 14:11:22.148706
5,日本ハム,31,13,18,0,0.419,2.5,112,102,112,17,20,0.229,3.17,19,2023-05-07 14:11:22.148706
6,楽天,29,12,17,0,0.414,0,114,85,99,24,22,0.213,3.2,14,2023-05-07 14:11:22.148706
1,オリックス,31,19,12,0,0.613,-,112,117,100,27,11,0.269,3.11,9,2023-05-09 14:13:25.970088
2,ソフトバンク,28,15,12,1,0.556,2,115,92,87,17,13,0.243,2.88,9,2023-05-09 14:13:25.970088
3,ロッテ,30,16,13,1,0.552,0,113,92,88,15,9,0.228,2.82,7,2023-05-09 14:13:25.970088
4,西武,31,15,16,0,0.484,2,112,101,100,25,21,0.247,2.89,15,2023-05-09 14:13:25.970088
5,日本ハム,32,13,19,0,0.406,2.5,111,102,113,17,20,0.224,3.07,22,2023-05-09 14:13:25.970088
6,楽天,30,12,18,0,0.4,0,113,85,101,24,22,0.211,3.15,14,2023-05-09 14:13:25.970088
1,オリックス,32,20,12,0,0.625,-,111,125,102,28,12,0.273,3.07,9,2023-05-10 14:13:47.437703
2,ロッテ,31,17,13,1,0.567,2,112,95,90,15,10,0.226,2.8,7,2023-05-10 14:13:47.437703
3,ソフトバンク,29,15,13,1,0.536,1,114,95,93,18,14,0.24,2.99,9,2023-05-10 14:13:47.437703
4,西武,32,15,17,0,0.469,2,111,103,103,26,21,0.243,2.9,17,2023-05-10 14:13:47.437703
5,日本ハム,33,14,19,0,0.424,1.5,110,108,116,20,21,0.225,3.07,22,2023-05-10 14:13:47.437703
6,楽天,31,12,19,0,0.387,1,112,87,109,25,22,0.21,3.22,15,2023-05-10 14:13:47.437703
1,オリックス,33,20,13,0,0.606,-,110,128,109,28,12,0.272,3.17,10,2023-05-11 14:13:04.370604
2,ロッテ,32,18,13,1,0.581,1,111,98,90,15,11,0.228,2.71,7,2023-05-11 14:13:04.370604
3,ソフトバンク,30,16,13,1,0.552,1,113,101,96,20,16,0.24,2.99,9,2023-05-11 14:13:04.370604
4,西武,33,15,18,0,0.455,3,110,103,106,26,21,0.243,2.9,18,2023-05-11 14:13:04.370604
5,日本ハム,34,14,20,0,0.412,1.5,109,111,122,22,21,0.224,3.17,23,2023-05-11 14:13:04.370604
6,楽天,32,13,19,0,0.406,0,111,94,112,27,25,0.213,3.21,15,2023-05-11 14:13:04.370604
1,オリックス,34,20,14,0,0.588,-,109,131,113,28,13,0.271,3.2,11,2023-05-12 14:12:07.614817
2,ロッテ,32,18,13,1,0.581,0.5,111,98,90,15,11,0.228,2.71,7,2023-05-12 14:12:07.614817
3,ソフトバンク,31,17,13,1,0.567,0.5,112,105,99,21,17,0.239,2.99,9,2023-05-12 14:12:07.614817
4,西武,34,15,18,1,0.455,3.5,109,107,110,28,21,0.24,2.9,18,2023-05-12 14:12:07.614817
6,楽天,33,13,19,1,0.406,0,110,98,116,28,25,0.214,3.2,15,2023-05-12 14:12:07.614817
1,オリックス,35,21,14,0,0.6,-,108,139,116,28,14,0.276,3.19,12,2023-05-13 14:11:15.611095
2,ロッテ,33,18,14,1,0.563,1.5,110,98,95,15,11,0.226,2.79,8,2023-05-13 14:11:15.611095
3,ソフトバンク,32,17,14,1,0.548,0.5,111,108,107,21,17,0.237,3.16,10,2023-05-13 14:11:15.611095
4,西武,35,16,18,1,0.471,2.5,108,114,114,28,21,0.242,2.94,19,2023-05-13 14:11:15.611095
5,日本ハム,35,15,20,0,0.429,1.5,108,116,122,23,21,0.228,3.08,23,2023-05-13 14:11:15.611095
6,楽天,34,13,20,1,0.394,1,109,102,123,28,26,0.216,3.23,16,2023-05-13 14:11:15.611095
1,オリックス,36,21,14,1,0.6,-,107,142,119,29,16,0.273,3.16,12,2023-05-14 14:11:28.693189
2,ロッテ,34,19,14,1,0.576,1,109,103,97,15,16,0.228,2.71,10,2023-05-14 14:11:28.693189
3,ソフトバンク,33,17,14,2,0.548,1,110,111,110,22,18,0.236,3.12,10,2023-05-14 14:11:28.693189
4,西武,36,16,19,1,0.457,3,107,114,119,28,21,0.237,2.99,19,2023-05-14 14:11:28.693189
5,日本ハム,36,15,21,0,0.417,1.5,107,118,127,23,21,0.228,3.1,24,2023-05-14 14:11:28.693189
6,楽天,35,14,20,1,0.412,0,108,107,123,30,28,0.216,3.14,16,2023-05-14 14:11:28.693189
1,オリックス,37,21,14,2,0.6,-,106,143,120,30,16,0.268,3.07,12,2023-05-16 14:12:42.613088
2,ロッテ,35,19,14,2,0.576,1,108,104,98,15,16,0.226,2.63,10,2023-05-16 14:12:42.613088
3,ソフトバンク,34,17,15,2,0.531,1.5,109,111,113,22,19,0.236,3.13,10,2023-05-16 14:12:42.613088
4,西武,37,17,19,1,0.472,2,106,118,121,30,25,0.238,2.94,19,2023-05-16 14:12:42.613088
5,楽天,36,15,20,1,0.429,1.5,107,110,123,33,29,0.214,3.05,17,2023-05-16 14:12:42.613088
6,日本ハム,37,15,22,0,0.405,1,106,120,131,24,21,0.225,3.05,26,2023-05-16 14:12:42.613088
1,ロッテ,36,20,14,2,0.588,-,107,111,101,15,17,0.23,2.64,10,2023-05-17 14:12:30.333288
2,オリックス,38,21,15,2,0.583,0,105,146,127,31,16,0.267,3.18,12,2023-05-17 14:12:30.333288
3,ソフトバンク,35,18,15,2,0.545,1.5,108,121,114,22,19,0.239,3.07,11,2023-05-17 14:12:30.333288
4,西武,38,17,20,1,0.459,3,105,118,124,30,25,0.236,2.95,19,2023-05-17 14:12:30.333288
5,日本ハム,38,16,22,0,0.421,1.5,105,123,131,24,21,0.225,2.96,26,2023-05-17 14:12:30.333288
6,楽天,37,15,21,1,0.417,0,106,111,133,33,29,0.213,3.24,18,2023-05-17 14:12:30.333288
1,ロッテ,37,21,14,2,0.6,-,106,116,102,15,19,0.231,2.6,10,2023-05-18 14:12:15.265347
2,オリックス,39,21,16,2,0.568,1,104,147,132,31,17,0.266,3.16,13,2023-05-18 14:12:15.265347
3,ソフトバンク,35,18,15,2,0.545,1,108,121,114,22,19,0.239,3.07,11,2023-05-18 14:12:15.265347
4,西武,39,17,21,1,0.447,3.5,104,120,130,30,26,0.236,2.99,22,2023-05-18 14:12:15.265347
5,日本ハム,39,17,22,0,0.436,0.5,104,129,133,24,22,0.226,2.94,27,2023-05-18 14:12:15.265347
6,楽天,37,15,21,1,0.417,0.5,106,111,133,33,29,0.213,3.24,18,2023-05-18 14:12:15.265347
2,ソフトバンク,36,19,15,2,0.559,1.5,107,126,118,23,19,0.239,3.09,11,2023-05-19 14:12:16.332831
3,オリックス,40,21,17,2,0.553,0,103,147,133,31,17,0.263,3.11,13,2023-05-19 14:12:16.332831
4,日本ハム,40,18,22,0,0.45,4,103,130,133,24,22,0.226,2.87,28,2023-05-19 14:12:16.332831
5,西武,40,17,22,1,0.436,0.5,103,124,135,32,26,0.236,3.04,22,2023-05-19 14:12:16.332831
1,ロッテ,38,22,14,2,0.611,-,105,122,103,15,21,0.232,2.56,11,2023-05-20 14:12:23.046266
2,ソフトバンク,37,19,16,2,0.543,2.5,106,126,119,23,19,0.238,3.04,12,2023-05-20 14:12:23.046266
3,オリックス,41,21,18,2,0.538,0,102,150,138,31,17,0.262,3.15,14,2023-05-20 14:12:23.046266
4,日本ハム,41,19,22,0,0.463,3,102,135,136,25,23,0.226,2.87,28,2023-05-20 14:12:23.046266
5,西武,41,18,22,1,0.45,0.5,102,125,135,32,27,0.234,2.97,22,2023-05-20 14:12:23.046266
6,楽天,38,15,22,1,0.405,1.5,105,112,139,33,30,0.21,3.21,19,2023-05-20 14:12:23.046266
1,ロッテ,39,23,14,2,0.622,-,104,128,107,16,23,0.234,2.59,11,2023-05-21 14:11:29.976610
2,ソフトバンク,38,20,16,2,0.556,2.5,105,129,120,23,19,0.24,2.98,12,2023-05-21 14:11:29.976610
3,オリックス,42,22,18,2,0.55,0,101,160,142,32,17,0.264,3.17,14,2023-05-21 14:11:29.976610
4,日本ハム,42,19,23,0,0.452,4,101,139,146,27,23,0.226,3.05,29,2023-05-21 14:11:29.976610
5,西武,42,18,23,1,0.439,0.5,101,126,138,32,28,0.233,2.95,23,2023-05-21 14:11:29.976610
6,楽天,39,15,23,1,0.395,1.5,104,116,145,33,30,0.211,3.2,21,2023-05-21 14:11:29.976610
2,ソフトバンク,39,21,16,2,0.568,2,104,133,122,24,20,0.242,2.96,12,2023-05-23 14:13:27.911128
3,オリックス,43,23,18,2,0.561,0,100,168,142,32,17,0.267,3.1,14,2023-05-23 14:13:27.911128
4,日本ハム,43,19,24,0,0.442,5,100,141,150,28,24,0.226,3.05,31,2023-05-23 14:13:27.911128
5,西武,42,18,23,1,0.439,0,101,126,138,32,28,0.233,2.95,23,2023-05-23 14:13:27.911128
6,楽天,40,15,24,1,0.385,2,103,116,153,33,30,0.208,3.31,22,2023-05-23 14:13:27.911128
1,ロッテ,40,24,14,2,0.632,-,103,139,108,21,23,0.237,2.55,11,2023-05-24 14:12:48.572850
2,ソフトバンク,40,22,16,2,0.579,2,103,135,123,25,21,0.241,2.91,13,2023-05-24 14:12:48.572850
3,オリックス,44,24,18,2,0.571,0,99,174,147,34,17,0.267,3.14,14,2023-05-24 14:12:48.572850
4,日本ハム,44,19,25,0,0.432,6,99,142,152,29,24,0.224,3.02,32,2023-05-24 14:12:48.572850
5,西武,43,18,24,1,0.429,0,100,127,149,32,28,0.233,3.15,23,2023-05-24 14:12:48.572850
6,楽天,41,15,25,1,0.375,2,102,121,159,34,32,0.209,3.36,23,2023-05-24 14:12:48.572850
2,オリックス,44,24,18,2,0.571,2,99,174,147,34,17,0.267,3.14,14,2023-05-25 14:12:43.854021
3,ソフトバンク,41,22,17,2,0.564,0.5,102,136,128,25,21,0.241,2.97,14,2023-05-25 14:12:43.854021
4,日本ハム,45,20,25,0,0.444,5,98,147,153,31,24,0.225,2.98,32,2023-05-25 14:12:43.854021
5,西武,43,18,24,1,0.429,0.5,100,127,149,32,28,0.233,3.15,23,2023-05-25 14:12:43.854021
2,オリックス,45,25,18,2,0.581,1.5,98,178,148,36,17,0.265,3.1,14,2023-05-26 14:12:08.402774
3,ソフトバンク,41,22,17,2,0.564,1,102,136,128,25,21,0.241,2.97,14,2023-05-26 14:12:08.402774
4,日本ハム,46,20,26,0,0.435,5.5,97,150,157,31,26,0.224,3.01,34,2023-05-26 14:12:08.402774
5,西武,44,18,25,1,0.419,0.5,99,128,153,32,28,0.23,3.15,24,2023-05-26 14:12:08.402774
6,楽天,42,16,25,1,0.39,1,101,125,162,35,33,0.21,3.35,23,2023-05-26 14:12:08.402774
1,ロッテ,41,24,15,2,0.615,-,102,144,114,22,25,0.237,2.62,11,2023-05-27 14:12:27.038073
2,オリックス,46,26,18,2,0.591,0.5,97,181,148,37,18,0.265,3.03,14,2023-05-27 14:12:27.038073
3,ソフトバンク,42,23,17,2,0.575,1,101,142,133,26,21,0.242,2.99,14,2023-05-27 14:12:27.038073
4,日本ハム,47,21,26,0,0.447,5.5,96,153,158,31,26,0.224,2.96,34,2023-05-27 14:12:27.038073
5,西武,45,18,26,1,0.409,1.5,98,128,156,32,28,0.231,3.14,25,2023-05-27 14:12:27.038073
6,楽天,43,16,26,1,0.381,1,100,126,165,36,35,0.21,3.34,25,2023-05-27 14:12:27.038073
1,ロッテ,42,25,15,2,0.625,-,101,153,119,24,25,0.237,2.68,11,2023-05-28 14:11:12.701090
2,オリックス,47,26,19,2,0.578,1.5,96,183,151,38,18,0.263,3.04,14,2023-05-28 14:11:12.701090
3,ソフトバンク,43,23,18,2,0.561,1,100,147,142,27,21,0.24,3.13,14,2023-05-28 14:11:12.701090
4,日本ハム,48,21,27,0,0.438,5.5,95,155,161,32,26,0.221,2.95,34,2023-05-28 14:11:12.701090
5,西武,46,19,26,1,0.422,0.5,97,131,158,32,28,0.233,3.12,25,2023-05-28 14:11:12.701090
6,楽天,44,17,26,1,0.395,1,99,129,167,37,36,0.209,3.28,25,2023-05-28 14:11:12.701090
1,ロッテ,43,26,15,2,0.634,-,100,155,120,26,25,0.237,2.64,11,2023-05-30 14:12:20.422327
2,オリックス,48,27,19,2,0.587,1.5,95,187,151,38,19,0.263,2.97,14,2023-05-30 14:12:20.422327
3,ソフトバンク,44,24,18,2,0.571,1,99,160,147,28,21,0.243,3.17,14,2023-05-30 14:12:20.422327
4,日本ハム,49,22,27,0,0.449,5.5,94,157,162,34,26,0.222,2.91,34,2023-05-30 14:12:20.422327
5,西武,47,19,27,1,0.413,1.5,96,132,161,32,29,0.231,3.12,25,2023-05-30 14:12:20.422327
6,楽天,45,17,27,1,0.386,1,98,131,170,39,36,0.208,3.23,26,2023-05-30 14:12:20.422327
1,ロッテ,44,26,16,2,0.619,-,99,159,127,29,25,0.236,2.74,12,2023-05-31 14:11:57.668636
2,オリックス,49,27,20,2,0.574,1.5,94,188,154,38,19,0.261,2.97,14,2023-05-31 14:11:57.668636
3,ソフトバンク,45,24,19,2,0.558,1,98,161,154,28,21,0.241,3.26,14,2023-05-31 14:11:57.668636
4,日本ハム,50,23,27,0,0.46,4.5,93,162,164,37,26,0.222,2.89,34,2023-05-31 14:11:57.668636
5,西武,48,20,27,1,0.426,1.5,95,136,161,33,29,0.232,3.05,25,2023-05-31 14:11:57.668636
6,楽天,46,18,27,1,0.4,1,97,134,171,39,38,0.21,3.18,26,2023-05-31 14:11:57.668636
1,ロッテ,45,26,17,2,0.605,-,98,161,130,29,26,0.235,2.74,12,2023-06-01 14:12:49.950536
2,オリックス,50,28,20,2,0.583,0.5,93,197,156,39,21,0.264,2.93,15,2023-06-01 14:12:49.950536
3,ソフトバンク,46,24,20,2,0.545,2,97,166,160,28,23,0.243,3.32,14,2023-06-01 14:12:49.950536
4,日本ハム,51,23,28,0,0.451,4.5,92,162,169,37,26,0.221,2.91,36,2023-06-01 14:12:49.950536
5,西武,49,21,27,1,0.438,0.5,94,140,163,34,31,0.232,3.03,26,2023-06-01 14:12:49.950536
6,楽天,47,18,28,1,0.391,2,96,137,182,39,39,0.211,3.33,29,2023-06-01 14:12:49.950536
2,オリックス,51,28,21,2,0.571,1,92,198,158,39,21,0.262,2.91,15,2023-06-02 14:12:22.773809
3,ソフトバンク,47,25,20,2,0.556,1,96,171,161,29,23,0.245,3.27,15,2023-06-02 14:12:22.773809
4,日本ハム,52,24,28,0,0.462,4.5,91,170,171,40,29,0.224,2.89,36,2023-06-02 14:12:22.773809
5,西武,49,21,27,1,0.438,1,94,140,163,34,31,0.232,3.03,26,2023-06-02 14:12:22.773809
1,ロッテ,46,26,18,2,0.591,-,97,166,136,30,27,0.237,2.8,12,2023-06-03 14:10:47.540510
2,オリックス,52,29,21,2,0.58,0,91,203,159,39,21,0.261,2.87,15,2023-06-03 14:10:47.540510
3,ソフトバンク,48,25,21,2,0.543,2,95,173,165,29,23,0.245,3.29,15,2023-06-03 14:10:47.540510
4,日本ハム,53,24,29,0,0.453,4.5,90,172,174,41,29,0.225,2.9,37,2023-06-03 14:10:47.540510
5,西武,50,21,28,1,0.429,1,93,142,169,36,33,0.229,3.08,27,2023-06-03 14:10:47.540510
6,楽天,48,18,29,1,0.383,2,95,142,191,39,39,0.212,3.46,29,2023-06-03 14:10:47.540510
1,オリックス,53,30,21,2,0.588,-,90,208,159,40,21,0.261,2.82,15,2023-06-04 14:10:59.660100
2,ロッテ,47,26,19,2,0.578,1,96,166,138,30,27,0.234,2.79,12,2023-06-04 14:10:59.660100
3,ソフトバンク,49,26,21,2,0.553,1,94,176,167,29,23,0.245,3.24,16,2023-06-04 14:10:59.660100
4,日本ハム,54,25,29,0,0.463,4.5,89,182,177,42,29,0.228,2.9,37,2023-06-04 14:10:59.660100
5,西武,51,21,29,1,0.42,2,92,146,174,36,33,0.231,3.06,29,2023-06-04 14:10:59.660100
6,楽天,49,18,30,1,0.375,2,94,144,196,39,39,0.213,3.5,29,2023-06-04 14:10:59.660100
1,オリックス,54,31,21,2,0.596,-,89,210,160,40,21,0.26,2.78,16,2023-06-06 14:12:22.206183
2,ロッテ,49,26,20,3,0.565,2,94,176,155,32,29,0.233,2.98,14,2023-06-06 14:12:22.206183
3,ソフトバンク,50,27,21,2,0.563,0,93,178,168,30,23,0.242,3.18,18,2023-06-06 14:12:22.206183
4,日本ハム,55,25,30,0,0.455,5.5,88,184,180,43,29,0.228,2.9,37,2023-06-06 14:12:22.206183
5,西武,53,22,30,1,0.423,1.5,90,153,180,36,35,0.231,3.06,29,2023-06-06 14:12:22.206183
6,楽天,50,19,30,1,0.388,1.5,93,148,197,40,39,0.213,3.45,29,2023-06-06 14:12:22.206183
1,オリックス,55,31,22,2,0.585,-,88,210,170,40,21,0.258,2.88,18,2023-06-07 14:12:26.758817
2,ロッテ,50,27,20,3,0.574,1,93,182,155,33,29,0.235,2.93,15,2023-06-07 14:12:26.758817
3,ソフトバンク,51,28,21,2,0.571,0,92,182,168,31,23,0.243,3.12,18,2023-06-07 14:12:26.758817
4,日本ハム,56,25,31,0,0.446,6.5,87,184,181,43,29,0.227,2.87,38,2023-06-07 14:12:26.758817
5,西武,54,23,30,1,0.434,0.5,89,155,181,37,35,0.231,3.02,30,2023-06-07 14:12:26.758817
6,楽天,51,19,31,1,0.38,2.5,92,151,208,42,40,0.215,3.57,31,2023-06-07 14:12:26.758817
1,ロッテ,51,28,20,3,0.583,-,92,185,157,34,30,0.235,2.91,15,2023-06-08 14:12:19.223818
2,オリックス,56,31,23,2,0.574,0,87,210,176,40,21,0.257,2.93,18,2023-06-08 14:12:19.223818
3,ソフトバンク,52,28,22,2,0.56,1,91,187,174,33,25,0.243,3.17,18,2023-06-08 14:12:19.223818
4,日本ハム,57,25,32,0,0.439,6.5,86,186,188,43,29,0.225,2.89,40,2023-06-08 14:12:19.223818
5,西武,55,23,31,1,0.426,0.5,88,157,189,38,35,0.229,3.11,30,2023-06-08 14:12:19.223818
6,楽天,52,20,31,1,0.392,1.5,91,157,212,43,41,0.216,3.51,33,2023-06-08 14:12:19.223818
1,ロッテ,52,28,21,3,0.571,-,91,187,160,34,30,0.234,2.91,15,2023-06-09 14:12:38.342061
2,ソフトバンク,53,29,22,2,0.569,0,90,192,175,35,26,0.244,3.13,18,2023-06-09 14:12:38.342061
3,オリックス,57,31,24,2,0.564,0,86,212,180,41,23,0.256,2.91,19,2023-06-09 14:12:38.342061
4,日本ハム,58,26,32,0,0.448,6.5,85,190,188,44,29,0.226,2.84,41,2023-06-09 14:12:38.342061
5,西武,56,24,31,1,0.436,0.5,87,159,190,39,35,0.23,3.07,30,2023-06-09 14:12:38.342061
6,楽天,53,21,31,1,0.404,1.5,90,162,216,43,41,0.219,3.52,34,2023-06-09 14:12:38.342061
1,ロッテ,53,29,21,3,0.58,-,90,192,164,35,33,0.235,2.93,16,2023-06-10 14:11:18.721240
2,オリックス,58,32,24,2,0.571,0,85,219,183,43,23,0.258,2.91,19,2023-06-10 14:11:18.721240
3,ソフトバンク,54,29,23,2,0.558,1,89,198,185,37,26,0.245,3.24,19,2023-06-10 14:11:18.721240
4,日本ハム,59,27,32,0,0.458,5.5,84,194,191,46,29,0.226,2.84,41,2023-06-10 14:11:18.721240
5,西武,57,24,32,1,0.429,1.5,86,159,192,39,35,0.228,3.06,30,2023-06-10 14:11:18.721240
6,楽天,54,22,31,1,0.415,0.5,89,163,216,43,42,0.22,3.45,34,2023-06-10 14:11:18.721240
1,ロッテ,54,30,21,3,0.588,-,89,198,169,36,33,0.236,2.97,16,2023-06-11 14:11:34.176518
2,オリックス,59,32,25,2,0.561,1,84,223,191,45,23,0.257,3.0,19,2023-06-11 14:11:34.176518
3,ソフトバンク,55,29,24,2,0.547,1,88,200,189,37,27,0.244,3.25,19,2023-06-11 14:11:34.176518
4,日本ハム,60,27,33,0,0.45,5.5,83,194,192,46,30,0.225,2.81,41,2023-06-11 14:11:34.176518
5,西武,58,24,33,1,0.421,1.5,85,161,195,39,35,0.229,3.04,31,2023-06-11 14:11:34.176518
6,楽天,54,22,31,1,0.415,0,89,163,216,43,42,0.22,3.45,34,2023-06-11 14:11:34.176518
1,ロッテ,55,30,22,3,0.577,-,88,198,176,36,33,0.235,3.05,16,2023-06-13 14:12:31.428411
2,オリックス,60,33,25,2,0.569,0,83,225,191,46,23,0.255,2.95,20,2023-06-13 14:12:31.428411
3,ソフトバンク,56,30,24,2,0.556,1,87,205,190,40,27,0.245,3.21,19,2023-06-13 14:12:31.428411
4,日本ハム,61,27,34,0,0.443,6.5,82,197,197,47,30,0.227,2.85,41,2023-06-13 14:12:31.428411
5,楽天,55,23,31,1,0.426,0.5,88,169,219,44,42,0.222,3.44,34,2023-06-13 14:12:31.428411
6,西武,59,24,34,1,0.414,1,84,161,198,39,35,0.228,3.04,31,2023-06-13 14:12:31.428411
1,ロッテ,56,31,22,3,0.585,-,87,200,177,36,34,0.236,3.01,16,2023-06-14 14:12:21.498488
2,ソフトバンク,57,31,24,2,0.564,1,86,208,192,42,27,0.246,3.19,19,2023-06-14 14:12:21.498488
3,オリックス,61,33,26,2,0.559,0,82,228,199,46,23,0.254,3.03,20,2023-06-14 14:12:21.498488
4,日本ハム,62,27,35,0,0.435,7.5,81,198,199,48,33,0.225,2.84,41,2023-06-14 14:12:21.498488
5,楽天,56,23,32,1,0.418,0.5,87,172,223,46,42,0.221,3.46,35,2023-06-14 14:12:21.498488
6,西武,60,24,35,1,0.407,1,83,162,205,39,36,0.227,3.11,31,2023-06-14 14:12:21.498488
1,ロッテ,57,31,22,4,0.585,-,86,201,178,36,36,0.234,2.96,18,2023-06-16 02:52:42.022862
2,ソフトバンク,58,32,24,2,0.571,0.5,85,217,199,42,27,0.248,3.2,21,2023-06-16 02:52:42.022862
3,オリックス,62,34,26,2,0.567,0,81,231,201,48,23,0.253,3.0,21,2023-06-16 02:52:42.022862
4,日本ハム,62,27,35,0,0.435,8,81,198,199,48,33,0.225,2.84,41,2023-06-16 02:52:42.022862
5,楽天,57,24,32,1,0.429,0,86,183,230,47,42,0.226,3.48,36,2023-06-16 02:52:42.022862
6,西武,61,24,36,1,0.4,2,82,164,208,39,36,0.227,3.11,31,2023-06-16 02:52:42.022862
1,ロッテ,58,32,22,4,0.593,-,85,206,180,36,37,0.233,2.94,18,2023-06-16 14:12:22.995518
2,オリックス,63,35,26,2,0.574,0.5,80,235,202,48,23,0.254,2.97,22,2023-06-16 14:12:22.995518
3,ソフトバンク,59,32,25,2,0.561,1,84,218,203,42,27,0.246,3.22,21,2023-06-16 14:12:22.995518
4,日本ハム,63,28,35,0,0.444,7,80,200,200,48,33,0.224,2.81,42,2023-06-16 14:12:22.995518
5,楽天,58,24,33,1,0.421,1,85,188,236,49,42,0.227,3.53,36,2023-06-16 14:12:22.995518
6,西武,62,24,37,1,0.393,2,81,164,210,39,36,0.226,3.1,32,2023-06-16 14:12:22.995518
1,ロッテ,59,32,23,4,0.582,-,84,207,190,36,37,0.232,3.05,19,2023-06-17 14:11:19.579794
2,オリックス,64,36,26,2,0.581,-0.5,79,243,207,51,25,0.255,3.0,22,2023-06-17 14:11:19.579794
3,ソフトバンク,60,33,25,2,0.569,1,83,224,207,43,27,0.246,3.23,22,2023-06-17 14:11:19.579794
4,日本ハム,64,29,35,0,0.453,7,79,206,203,49,33,0.224,2.81,42,2023-06-17 14:11:19.579794
5,楽天,59,25,33,1,0.431,1,84,190,237,50,42,0.228,3.49,36,2023-06-17 14:11:19.579794
6,西武,63,24,38,1,0.387,3,80,168,216,39,36,0.227,3.13,33,2023-06-17 14:11:19.579794
1,オリックス,65,37,26,2,0.587,-,78,249,207,53,25,0.255,2.96,22,2023-06-18 14:11:32.281968
2,ソフトバンク,61,34,25,2,0.576,1,82,233,207,43,27,0.248,3.18,22,2023-06-18 14:11:32.281968
3,ロッテ,60,32,24,4,0.571,0.5,83,208,196,37,38,0.23,3.1,19,2023-06-18 14:11:32.281968
4,日本ハム,65,30,35,0,0.462,6.5,78,210,203,49,34,0.224,2.77,42,2023-06-18 14:11:32.281968
5,楽天,60,26,33,1,0.441,1,83,192,238,51,44,0.228,3.45,36,2023-06-18 14:11:32.281968
6,西武,64,25,38,1,0.397,3,79,179,220,43,36,0.227,3.13,35,2023-06-18 14:11:32.281968
4,日本ハム,66,31,35,0,0.47,6,77,214,206,51,36,0.225,2.75,44,2023-06-19 14:13:18.087555
5,楽天,60,26,33,1,0.441,1.5,83,192,238,51,44,0.228,3.45,36,2023-06-19 14:13:18.087555
5,楽天,61,26,34,1,0.433,2,82,192,251,51,44,0.226,3.55,37,2023-06-20 14:12:17.962587
6,西武,64,25,38,1,0.397,2.5,79,179,220,43,36,0.227,3.13,35,2023-06-20 14:12:17.962587
5,楽天,62,26,35,1,0.426,2.5,81,194,256,51,44,0.224,3.57,37,2023-06-21 14:12:24.818648
6,西武,64,25,38,1,0.397,2,79,179,220,43,36,0.227,3.13,35,2023-06-21 14:12:24.818648
1,ソフトバンク,62,35,25,2,0.583,-,81,240,208,43,27,0.249,3.15,22,2023-06-23 14:13:52.114119
2,オリックス,66,37,27,2,0.578,0,77,250,214,54,25,0.253,3.02,22,2023-06-23 14:13:52.114119
3,ロッテ,61,32,25,4,0.561,1.5,82,211,201,37,38,0.231,3.13,20,2023-06-23 14:13:52.114119
4,日本ハム,67,32,35,0,0.478,5,76,219,209,52,37,0.226,2.76,44,2023-06-23 14:13:52.114119
5,楽天,63,26,36,1,0.419,3.5,80,198,261,51,45,0.225,3.59,38,2023-06-23 14:13:52.114119
6,西武,65,26,38,1,0.406,1,78,184,224,44,37,0.227,3.15,36,2023-06-23 14:13:52.114119
1,ソフトバンク,63,36,25,2,0.59,-,80,243,210,43,28,0.251,3.13,22,2023-06-24 14:13:10.087094
2,オリックス,67,37,28,2,0.5692,1,76,252,217,54,25,0.253,3.02,22,2023-06-24 14:13:10.087094
3,ロッテ,62,33,25,4,0.5689,0.5,81,216,205,39,38,0.231,3.15,21,2023-06-24 14:13:10.087094
4,日本ハム,68,32,36,0,0.471,6,75,223,214,52,38,0.227,2.78,45,2023-06-24 14:13:10.087094
5,西武,66,27,38,1,0.415,3.5,77,185,224,45,38,0.227,3.1,36,2023-06-24 14:13:10.087094
6,楽天,64,26,37,1,0.413,0,79,198,262,51,45,0.224,3.55,39,2023-06-24 14:13:10.087094
1,ソフトバンク,64,36,26,2,0.581,-,79,245,214,44,28,0.249,3.14,22,2023-06-25 14:13:08.263173
2,ロッテ,63,34,25,4,0.5762,0.5,80,222,210,42,39,0.232,3.18,21,2023-06-25 14:13:08.263173
3,オリックス,68,38,28,2,0.5757,-0.5,75,256,219,54,26,0.253,3.01,22,2023-06-25 14:13:08.263173
4,日本ハム,69,32,37,0,0.464,7.5,74,228,220,53,38,0.229,2.82,46,2023-06-25 14:13:08.263173
5,西武,67,28,38,1,0.424,2.5,76,190,226,47,39,0.229,3.08,36,2023-06-25 14:13:08.263173
6,楽天,65,26,38,1,0.406,1,78,200,267,51,45,0.225,3.58,39,2023-06-25 14:13:08.263173
1,ロッテ,63,34,25,4,0.5762,-,80,222,210,42,39,0.232,3.18,21,2023-06-26 14:14:52.882290
2,オリックス,68,38,28,2,0.5757,-0.5,75,256,219,54,26,0.253,3.01,22,2023-06-26 14:14:52.882290
3,ソフトバンク,65,36,27,2,0.571,0.5,78,246,217,45,28,0.248,3.14,22,2023-06-26 14:14:52.882290
4,日本ハム,69,32,37,0,0.464,7,74,228,220,53,38,0.229,2.82,46,2023-06-26 14:14:52.882290
6,楽天,66,27,38,1,0.415,0.5,77,203,268,51,46,0.225,3.54,39,2023-06-26 14:14:52.882290
1,オリックス,69,39,28,2,0.582,-,74,258,220,55,27,0.252,2.98,22,2023-06-27 14:14:08.066519
2,ソフトバンク,65,36,27,2,0.571,1,78,246,217,45,28,0.248,3.14,22,2023-06-27 14:14:08.066519
3,ロッテ,64,34,26,4,0.567,0.5,79,223,212,42,39,0.23,3.15,24,2023-06-27 14:14:08.066519
4,日本ハム,70,33,37,0,0.471,6,73,230,221,54,38,0.228,2.79,46,2023-06-27 14:14:08.066519
5,西武,68,28,39,1,0.418,3.5,75,191,228,47,39,0.23,3.06,38,2023-06-27 14:14:08.066519
6,楽天,66,27,38,1,0.415,0,77,203,268,51,46,0.225,3.54,39,2023-06-27 14:14:08.066519
1,オリックス,70,40,28,2,0.588,-,73,268,220,57,27,0.254,2.94,22,2023-06-28 14:13:58.935149
2,ソフトバンク,66,37,27,2,0.578,1,77,249,219,46,29,0.248,3.11,23,2023-06-28 14:13:58.935149
3,ロッテ,65,34,27,4,0.557,1.5,78,223,222,42,41,0.23,3.26,24,2023-06-28 14:13:58.935149
4,日本ハム,71,33,38,0,0.465,6,72,230,223,54,38,0.227,2.78,47,2023-06-28 14:13:58.935149
5,西武,69,29,39,1,0.426,2.5,74,193,228,47,39,0.23,3.02,38,2023-06-28 14:13:58.935149
6,楽天,67,27,39,1,0.409,1,76,205,271,51,49,0.223,3.53,39,2023-06-28 14:13:58.935149
2,ソフトバンク,67,38,27,2,0.585,0.5,76,252,221,47,29,0.247,3.09,23,2023-06-29 14:13:44.858517
3,ロッテ,65,34,27,4,0.557,2,78,223,222,42,41,0.23,3.26,24,2023-06-29 14:13:44.858517
6,楽天,68,27,40,1,0.403,1.5,75,207,274,51,51,0.223,3.53,41,2023-06-29 14:13:44.858517
1,オリックス,71,41,28,2,0.594,-,72,273,221,58,27,0.254,2.91,23,2023-06-30 14:13:23.363392
2,ソフトバンク,68,39,27,2,0.591,0.5,75,255,222,47,29,0.248,3.06,23,2023-06-30 14:13:23.363392
3,ロッテ,66,34,28,4,0.548,3,77,227,227,42,41,0.23,3.28,24,2023-06-30 14:13:23.363392
4,日本ハム,72,33,39,0,0.458,6,71,231,228,54,39,0.227,2.81,47,2023-06-30 14:13:23.363392
5,西武,70,29,40,1,0.42,2.5,73,194,231,48,39,0.228,3.0,40,2023-06-30 14:13:23.363392
6,楽天,69,28,40,1,0.412,0.5,74,212,278,53,51,0.224,3.52,42,2023-06-30 14:13:23.363392
1,オリックス,72,42,28,2,0.6,-,71,276,222,58,27,0.255,2.88,24,2023-07-01 14:12:21.219915
2,ソフトバンク,69,40,27,2,0.597,0.5,74,262,227,48,31,0.249,3.08,23,2023-07-01 14:12:21.219915
3,ロッテ,67,35,28,4,0.556,3,76,237,229,44,41,0.232,3.27,24,2023-07-01 14:12:21.219915
4,日本ハム,73,33,40,0,0.452,7,70,232,231,54,39,0.228,2.82,47,2023-07-01 14:12:21.219915
5,西武,71,29,41,1,0.414,2.5,72,199,238,49,39,0.227,3.04,42,2023-07-01 14:12:21.219915
6,楽天,70,28,41,1,0.406,0.5,73,214,288,53,51,0.223,3.61,43,2023-07-01 14:12:21.219915
1,ソフトバンク,70,41,27,2,0.603,-,73,271,230,49,32,0.251,3.08,23,2023-07-02 14:12:25.899616
2,オリックス,73,42,29,2,0.592,0.5,70,279,228,59,28,0.255,2.92,25,2023-07-02 14:12:25.899616
3,ロッテ,68,35,29,4,0.547,3.5,75,241,240,44,42,0.232,3.36,25,2023-07-02 14:12:25.899616
4,日本ハム,74,34,40,0,0.459,6,69,238,234,55,40,0.229,2.82,47,2023-07-02 14:12:25.899616
5,楽天,71,29,41,1,0.414,3,72,225,292,56,51,0.227,3.61,44,2023-07-02 14:12:25.899616
6,西武,72,29,42,1,0.408,0.5,71,202,247,50,42,0.226,3.13,42,2023-07-02 14:12:25.899616
1,オリックス,74,43,29,2,0.597,-,69,288,235,62,28,0.256,2.97,26,2023-07-04 14:14:16.954236
2,ソフトバンク,71,41,28,2,0.594,0.5,72,274,240,50,32,0.249,3.16,24,2023-07-04 14:14:16.954236
3,ロッテ,69,36,29,4,0.554,3,74,242,240,44,43,0.23,3.3,26,2023-07-04 14:14:16.954236
4,日本ハム,75,35,40,0,0.467,6,68,248,237,59,42,0.231,2.82,48,2023-07-04 14:14:16.954236
5,楽天,72,29,42,1,0.408,4,71,232,301,57,51,0.228,3.68,45,2023-07-04 14:14:16.954236
6,西武,73,29,43,1,0.403,0.5,70,202,248,50,43,0.226,3.09,43,2023-07-04 14:14:16.954236
1,ソフトバンク,72,42,28,2,0.6,-,71,279,241,50,32,0.251,3.13,24,2023-07-05 14:15:14.077906
2,オリックス,75,43,30,2,0.589,0.5,68,289,241,63,28,0.256,3.02,26,2023-07-05 14:15:14.077906
3,ロッテ,70,37,29,4,0.561,2.5,73,244,241,45,43,0.23,3.27,26,2023-07-05 14:15:14.077906
4,日本ハム,76,35,41,0,0.461,7,67,249,242,59,42,0.23,2.83,49,2023-07-05 14:15:14.077906
5,楽天,73,30,42,1,0.417,3,70,238,302,57,51,0.229,3.64,45,2023-07-05 14:15:14.077906
6,西武,74,29,44,1,0.397,1.5,69,203,250,50,44,0.225,3.08,43,2023-07-05 14:15:14.077906
1,ソフトバンク,73,43,28,2,0.606,-,70,283,244,52,33,0.251,3.13,24,2023-07-06 14:15:01.663355
2,オリックス,76,43,31,2,0.581,1.5,67,289,244,63,28,0.255,3.02,26,2023-07-06 14:15:01.663355
3,ロッテ,71,38,29,4,0.567,1.5,72,251,247,47,44,0.231,3.29,27,2023-07-06 14:15:01.663355
4,日本ハム,77,35,42,0,0.455,8,66,252,246,60,43,0.23,2.85,49,2023-07-06 14:15:01.663355
5,楽天,74,31,42,1,0.425,2,69,241,302,57,53,0.23,3.59,45,2023-07-06 14:15:01.663355
6,西武,75,29,45,1,0.392,2.5,68,209,257,51,46,0.226,3.12,44,2023-07-06 14:15:01.663355
1,ソフトバンク,74,43,29,2,0.597,-,69,288,250,53,33,0.252,3.18,24,2023-07-07 14:14:14.579812
2,オリックス,76,43,31,2,0.581,1,67,289,244,63,28,0.255,3.02,26,2023-07-07 14:14:14.579812
5,楽天,75,32,42,1,0.432,1.5,68,247,307,59,53,0.23,3.61,45,2023-07-07 14:14:14.579812
6,西武,75,29,45,1,0.392,3,68,209,257,51,46,0.226,3.12,44,2023-07-07 14:14:14.579812
1,ソフトバンク,75,43,30,2,0.589,-,68,289,258,54,33,0.251,3.23,25,2023-07-08 14:12:42.102662
2,オリックス,77,44,31,2,0.587,0,66,294,245,64,28,0.255,3.0,27,2023-07-08 14:12:42.102662
3,ロッテ,72,39,29,4,0.574,1.5,71,254,249,48,45,0.231,3.27,27,2023-07-08 14:12:42.102662
4,日本ハム,78,35,43,0,0.449,9,65,254,249,61,43,0.228,2.85,50,2023-07-08 14:12:42.102662
5,楽天,76,33,42,1,0.44,0.5,67,255,308,59,54,0.232,3.57,45,2023-07-08 14:12:42.102662
6,西武,76,29,46,1,0.387,4,67,210,262,51,46,0.225,3.15,44,2023-07-08 14:12:42.102662
1,オリックス,78,45,31,2,0.592,-,65,305,250,65,28,0.256,3.02,27,2023-07-09 14:12:53.385964
2,ソフトバンク,76,43,31,2,0.581,1,67,290,263,54,33,0.251,3.21,26,2023-07-09 14:12:53.385964
3,ロッテ,73,40,29,4,0.58,0.5,70,257,251,49,46,0.231,3.26,28,2023-07-09 14:12:53.385964
4,楽天,77,34,42,1,0.447,9.5,66,260,309,61,54,0.231,3.54,45,2023-07-09 14:12:53.385964
5,日本ハム,79,35,44,0,0.443,0.5,64,256,252,61,45,0.228,2.85,50,2023-07-09 14:12:53.385964
6,西武,77,29,47,1,0.382,4.5,66,215,273,53,46,0.226,3.19,46,2023-07-09 14:12:53.385964
2,ロッテ,73,40,29,4,0.58,1.5,70,257,251,49,46,0.231,3.26,28,2023-07-10 14:14:25.589959
3,ソフトバンク,77,43,32,2,0.573,0,66,291,265,55,34,0.25,3.19,27,2023-07-10 14:14:25.589959
6,西武,78,30,47,1,0.39,4,65,217,274,53,49,0.227,3.16,48,2023-07-10 14:14:25.589959
1,オリックス,79,46,31,2,0.597,-,64,309,253,66,28,0.257,3.02,27,2023-07-11 14:14:11.522621
2,ソフトバンク,77,43,32,2,0.573,2,66,291,265,55,34,0.25,3.19,27,2023-07-11 14:14:11.522621
3,ロッテ,74,40,30,4,0.571,0.5,69,260,255,49,46,0.231,3.27,28,2023-07-11 14:14:11.522621
4,楽天,78,35,42,1,0.455,8.5,65,263,311,62,55,0.231,3.52,46,2023-07-11 14:14:11.522621
5,日本ハム,80,35,45,0,0.438,1.5,63,258,255,61,46,0.229,2.85,51,2023-07-11 14:14:11.522621
6,西武,78,30,47,1,0.39,3.5,65,217,274,53,49,0.227,3.16,48,2023-07-11 14:14:11.522621
1,オリックス,80,46,32,2,0.59,-,63,312,258,66,28,0.256,3.05,27,2023-07-12 14:13:53.674495
2,ロッテ,75,41,30,4,0.577,1.5,68,265,258,50,46,0.232,3.27,29,2023-07-12 14:13:53.674495
3,ソフトバンク,78,43,33,2,0.566,0.5,65,293,269,55,34,0.249,3.2,27,2023-07-12 14:13:53.674495
4,楽天,79,36,42,1,0.462,8,64,267,314,64,56,0.232,3.51,46,2023-07-12 14:13:53.674495
5,日本ハム,81,35,46,0,0.432,2.5,62,261,259,61,47,0.229,2.87,51,2023-07-12 14:13:53.674495
6,西武,79,31,47,1,0.397,2.5,64,221,276,53,49,0.227,3.15,48,2023-07-12 14:13:53.674495
3,ソフトバンク,79,43,34,2,0.558,1,64,295,273,55,35,0.248,3.21,27,2023-07-13 14:14:16.345151
4,楽天,80,37,42,1,0.468,7,63,270,316,65,60,0.234,3.49,47,2023-07-13 14:14:16.345151
5,日本ハム,82,35,47,0,0.427,3.5,61,263,262,62,48,0.23,2.87,51,2023-07-13 14:14:16.345151
6,西武,80,32,47,1,0.405,1.5,63,225,278,53,49,0.229,3.13,48,2023-07-13 14:14:16.345151
1,オリックス,81,47,32,2,0.595,-,62,315,260,67,28,0.256,3.03,27,2023-07-15 14:12:46.546323
2,ロッテ,76,42,30,4,0.583,1.5,67,274,265,51,46,0.232,3.3,29,2023-07-15 14:12:46.546323
3,ソフトバンク,80,43,35,2,0.551,2,63,297,276,56,35,0.248,3.21,27,2023-07-15 14:12:46.546323
4,楽天,81,37,43,1,0.463,7,62,277,325,66,61,0.235,3.57,47,2023-07-15 14:12:46.546323
5,日本ハム,83,35,48,0,0.422,3.5,60,263,263,62,48,0.229,2.85,51,2023-07-15 14:12:46.546323
6,西武,81,33,47,1,0.413,0.5,62,226,278,53,49,0.229,3.09,48,2023-07-15 14:12:46.546323
1,オリックス,82,48,32,2,0.6,-,61,317,261,69,28,0.255,3.0,27,2023-07-16 14:12:46.374237
2,ロッテ,77,42,31,4,0.575,2.5,66,280,272,55,46,0.233,3.35,29,2023-07-16 14:12:46.374237
3,ソフトバンク,81,43,36,2,0.544,2,62,298,278,56,35,0.247,3.19,27,2023-07-16 14:12:46.374237
4,楽天,82,38,43,1,0.469,6,61,284,331,69,61,0.236,3.59,48,2023-07-16 14:12:46.374237
5,西武,82,34,47,1,0.42,4,61,228,278,54,51,0.229,3.05,48,2023-07-16 14:12:46.374237
6,日本ハム,84,35,49,0,0.417,0.5,59,263,265,62,49,0.228,2.84,52,2023-07-16 14:12:46.374237
1,オリックス,83,49,32,2,0.605,-,60,320,261,70,29,0.254,2.97,27,2023-07-17 14:14:34.646469
2,ロッテ,78,42,32,4,0.568,3.5,65,282,276,55,46,0.233,3.35,31,2023-07-17 14:14:34.646469
3,ソフトバンク,82,43,37,2,0.538,2,61,298,281,56,35,0.246,3.19,27,2023-07-17 14:14:34.646469
4,楽天,83,39,43,1,0.476,5,60,288,333,69,61,0.238,3.55,49,2023-07-17 14:14:34.646469
5,西武,83,35,47,1,0.427,4,60,235,280,58,53,0.231,3.04,48,2023-07-17 14:14:34.646469
6,日本ハム,85,35,50,0,0.412,1.5,58,265,272,63,49,0.229,2.9,53,2023-07-17 14:14:34.646469
1,オリックス,84,50,32,2,0.61,-,59,325,265,73,29,0.254,2.93,28,2023-07-22 14:10:55.304648
2,ロッテ,79,43,32,4,0.573,3.5,64,287,278,55,46,0.234,3.33,31,2023-07-22 14:10:55.304648
3,ソフトバンク,83,43,38,2,0.531,3,60,300,286,56,35,0.246,3.19,28,2023-07-22 14:10:55.304648
4,楽天,84,39,44,1,0.47,5,59,289,335,69,62,0.236,3.54,49,2023-07-22 14:10:55.304648
5,西武,84,36,47,1,0.434,3,59,237,281,58,53,0.231,3.0,49,2023-07-22 14:10:55.304648
6,日本ハム,86,35,51,0,0.407,2.5,57,269,277,63,51,0.228,2.92,55,2023-07-22 14:10:55.304648
1,オリックス,85,51,32,2,0.614,-,58,332,270,75,30,0.255,2.96,28,2023-07-23 14:10:59.397596
2,ロッテ,80,44,32,4,0.579,3.5,63,291,281,56,46,0.234,3.32,34,2023-07-23 14:10:59.397596
3,ソフトバンク,84,43,39,2,0.524,4,59,303,290,57,36,0.246,3.2,28,2023-07-23 14:10:59.397596
4,楽天,85,40,44,1,0.476,4,58,293,337,70,62,0.236,3.52,49,2023-07-23 14:10:59.397596
5,西武,85,36,48,1,0.429,4,58,239,285,58,54,0.23,3.02,49,2023-07-23 14:10:59.397596
6,日本ハム,87,35,52,0,0.402,2.5,56,274,284,65,51,0.228,2.97,58,2023-07-23 14:10:59.397596
2,ロッテ,81,45,32,4,0.584,3,62,293,282,57,47,0.234,3.29,35,2023-07-24 14:13:22.727880
3,ソフトバンク,85,43,40,2,0.518,5,58,304,292,57,39,0.245,3.18,28,2023-07-24 14:13:22.727880
4,楽天,85,40,44,1,0.476,3.5,58,293,337,70,62,0.236,3.52,49,2023-07-24 14:13:22.727880
1,オリックス,86,51,33,2,0.607,-,57,332,275,75,30,0.255,2.97,29,2023-07-25 14:13:05.990885
2,ロッテ,82,45,33,4,0.577,3,61,293,285,57,47,0.233,3.29,36,2023-07-25 14:13:05.990885
3,ソフトバンク,86,44,40,2,0.524,4,57,309,292,57,39,0.245,3.15,29,2023-07-25 14:13:05.990885
4,楽天,86,41,44,1,0.482,3.5,57,296,338,72,62,0.236,3.49,49,2023-07-25 14:13:05.990885
5,西武,86,37,48,1,0.435,4,57,242,285,58,56,0.23,2.98,49,2023-07-25 14:13:05.990885
6,日本ハム,88,35,53,0,0.398,3.5,55,275,287,65,51,0.228,2.98,59,2023-07-25 14:13:05.990885
1,オリックス,87,51,34,2,0.6,-,56,333,282,75,30,0.254,3.02,29,2023-07-26 14:12:33.657377
2,ロッテ,83,45,34,4,0.57,3,60,296,290,57,47,0.233,3.32,37,2023-07-26 14:12:33.657377
3,ソフトバンク,87,45,40,2,0.529,3,56,316,293,60,39,0.246,3.11,30,2023-07-26 14:12:33.657377
4,楽天,87,41,45,1,0.477,4.5,56,298,341,73,62,0.236,3.49,49,2023-07-26 14:12:33.657377
5,西武,87,38,48,1,0.442,3,56,247,288,60,57,0.23,2.98,49,2023-07-26 14:12:33.657377
6,日本ハム,89,36,53,0,0.404,3.5,54,278,289,66,51,0.227,2.97,59,2023-07-26 14:12:33.657377
4,楽天,88,41,46,1,0.471,5,55,303,350,75,64,0.237,3.55,49,2023-07-27 14:12:09.307909
5,西武,87,38,48,1,0.442,2.5,56,247,288,60,57,0.23,2.98,49,2023-07-27 14:12:09.307909
6,日本ハム,90,37,53,0,0.411,3,53,287,294,67,53,0.229,2.99,59,2023-07-27 14:12:09.307909
1,オリックス,88,51,35,2,0.593,-,55,333,286,75,30,0.253,3.02,30,2023-07-28 14:12:12.117700
2,ロッテ,84,46,34,4,0.575,2,59,304,295,58,47,0.234,3.34,38,2023-07-28 14:12:12.117700
3,ソフトバンク,88,45,41,2,0.523,4,55,321,301,61,40,0.246,3.17,30,2023-07-28 14:12:12.117700
4,楽天,89,42,46,1,0.477,4,54,308,351,76,65,0.238,3.52,50,2023-07-28 14:12:12.117700
5,西武,88,38,49,1,0.437,3.5,55,248,293,60,58,0.23,2.97,50,2023-07-28 14:12:12.117700
6,日本ハム,91,38,53,0,0.418,2,52,291,294,67,53,0.23,2.96,59,2023-07-28 14:12:12.117700
1,オリックス,89,52,35,2,0.598,-,54,337,289,75,31,0.253,3.01,31,2023-07-29 14:10:34.858010
2,ロッテ,85,47,34,4,0.58,2,58,308,296,60,47,0.234,3.31,38,2023-07-29 14:10:34.858010
3,ソフトバンク,89,45,42,2,0.517,5,54,322,305,61,41,0.246,3.18,30,2023-07-29 14:10:34.858010
4,楽天,90,42,47,1,0.472,4,53,309,354,77,65,0.237,3.51,50,2023-07-29 14:10:34.858010
5,西武,89,39,49,1,0.443,2.5,54,251,294,60,58,0.231,2.95,52,2023-07-29 14:10:34.858010
6,日本ハム,92,38,54,0,0.413,3,51,294,298,68,53,0.23,2.96,60,2023-07-29 14:10:34.858010
1,オリックス,90,53,35,2,0.602,-,53,346,291,78,31,0.256,3.0,31,2023-07-30 14:10:45.159969
2,ロッテ,86,47,35,4,0.573,3,57,313,302,60,48,0.235,3.33,38,2023-07-30 14:10:45.159969
3,ソフトバンク,90,46,42,2,0.523,4,53,328,310,63,41,0.246,3.17,31,2023-07-30 14:10:45.159969
4,楽天,91,43,47,1,0.478,4,52,314,358,77,65,0.238,3.52,50,2023-07-30 14:10:45.159969
5,西武,90,39,50,1,0.438,3.5,53,255,299,60,58,0.232,2.96,54,2023-07-30 14:10:45.159969
6,日本ハム,93,38,55,0,0.409,3,50,296,307,68,53,0.23,3.0,63,2023-07-30 14:10:45.159969
1,オリックス,91,54,35,2,0.607,-,52,352,293,80,31,0.257,2.99,31,2023-08-01 14:12:51.903024
2,ロッテ,87,47,36,4,0.566,4,56,315,305,60,49,0.236,3.33,38,2023-08-01 14:12:51.903024
3,ソフトバンク,91,46,43,2,0.517,4,52,328,315,63,41,0.246,3.18,31,2023-08-01 14:12:51.903024
4,楽天,92,43,48,1,0.473,4,51,316,364,77,65,0.239,3.55,50,2023-08-01 14:12:51.903024
5,西武,91,40,50,1,0.444,2.5,52,260,299,60,59,0.232,2.93,54,2023-08-01 14:12:51.903024
6,日本ハム,94,39,55,0,0.415,3,49,299,309,70,53,0.23,2.99,63,2023-08-01 14:12:51.903024
1,オリックス,92,55,35,2,0.611,-,51,355,295,80,31,0.257,2.97,31,2023-08-02 14:12:32.134353
2,ロッテ,88,47,37,4,0.56,5,55,321,313,61,49,0.236,3.36,39,2023-08-02 14:12:32.134353
3,ソフトバンク,92,46,44,2,0.511,4,51,328,317,63,41,0.244,3.17,31,2023-08-02 14:12:32.134353
4,楽天,93,43,49,1,0.467,4,50,318,367,78,65,0.239,3.54,50,2023-08-02 14:12:32.134353
5,西武,92,41,50,1,0.451,1.5,51,262,299,60,59,0.232,2.9,54,2023-08-02 14:12:32.134353
6,日本ハム,95,40,55,0,0.421,3,48,307,315,70,53,0.231,2.97,66,2023-08-02 14:12:32.134353
1,オリックス,93,55,36,2,0.604,-,50,356,304,80,31,0.257,3.04,31,2023-08-03 14:12:34.455075
2,ロッテ,89,48,37,4,0.565,4,54,328,318,64,50,0.237,3.36,42,2023-08-03 14:12:34.455075
3,ソフトバンク,92,46,44,2,0.511,4.5,51,328,317,63,41,0.244,3.17,31,2023-08-03 14:12:34.455075
4,楽天,94,44,49,1,0.473,3.5,49,327,368,80,65,0.24,3.52,50,2023-08-03 14:12:34.455075
5,西武,92,41,50,1,0.451,2,51,262,299,60,59,0.232,2.9,54,2023-08-03 14:12:34.455075
6,日本ハム,96,40,56,0,0.417,3.5,47,312,322,70,54,0.232,3.02,66,2023-08-03 14:12:34.455075
1,オリックス,94,55,37,2,0.598,-,49,358,307,80,31,0.256,3.04,31,2023-08-04 14:12:05.167392
2,ロッテ,90,49,37,4,0.57,3,53,333,321,66,51,0.237,3.35,44,2023-08-04 14:12:05.167392
3,ソフトバンク,93,46,45,2,0.505,5.5,50,332,322,64,42,0.243,3.18,32,2023-08-04 14:12:05.167392
4,楽天,95,44,50,1,0.468,3.5,48,330,373,81,65,0.24,3.53,50,2023-08-04 14:12:05.167392
5,西武,93,42,50,1,0.457,1,50,265,301,62,60,0.232,2.89,54,2023-08-04 14:12:05.167392
6,日本ハム,97,41,56,0,0.423,3.5,46,317,326,70,55,0.232,3.0,67,2023-08-04 14:12:05.167392
1,オリックス,95,56,37,2,0.602,-,48,360,308,81,31,0.256,3.02,31,2023-08-05 14:10:58.673203
2,ロッテ,91,49,38,4,0.563,4,52,339,328,67,52,0.238,3.38,48,2023-08-05 14:10:58.673203
3,ソフトバンク,94,47,45,2,0.511,4.5,49,343,328,65,43,0.246,3.21,32,2023-08-05 14:10:58.673203
4,楽天,96,45,50,1,0.474,3.5,47,337,379,82,68,0.24,3.56,50,2023-08-05 14:10:58.673203
5,西武,94,42,51,1,0.452,2,49,266,303,62,61,0.232,2.88,54,2023-08-05 14:10:58.673203
6,日本ハム,98,41,57,0,0.418,3.5,45,323,337,73,55,0.233,3.07,68,2023-08-05 14:10:58.673203
1,オリックス,96,57,37,2,0.606,-,47,369,308,84,31,0.257,2.99,31,2023-08-06 14:11:06.526148
2,ロッテ,92,49,39,4,0.557,5,51,340,330,67,52,0.238,3.36,49,2023-08-06 14:11:06.526148
3,ソフトバンク,95,48,45,2,0.516,3.5,48,349,329,66,44,0.246,3.19,33,2023-08-06 14:11:06.526148
4,楽天,97,46,50,1,0.479,3.5,46,339,380,82,71,0.24,3.53,50,2023-08-06 14:11:06.526148
5,西武,95,42,52,1,0.447,3,48,266,312,62,61,0.233,2.94,54,2023-08-06 14:11:06.526148
6,日本ハム,99,41,58,0,0.414,3.5,44,324,343,73,55,0.232,3.08,70,2023-08-06 14:11:06.526148
1,オリックス,97,58,37,2,0.611,-,46,371,308,84,31,0.256,2.96,31,2023-08-08 14:12:26.509042
2,ロッテ,93,49,40,4,0.551,6,50,340,332,67,52,0.237,3.35,49,2023-08-08 14:12:26.509042
3,ソフトバンク,96,48,46,2,0.511,3.5,47,352,338,67,44,0.245,3.25,33,2023-08-08 14:12:26.509042
4,楽天,98,47,50,1,0.485,2.5,45,348,383,83,71,0.242,3.52,51,2023-08-08 14:12:26.509042
5,西武,96,43,52,1,0.453,3,47,272,315,63,61,0.233,2.94,54,2023-08-08 14:12:26.509042
6,日本ハム,100,41,59,0,0.41,4.5,43,327,349,75,55,0.232,3.11,70,2023-08-08 14:12:26.509042
1,オリックス,98,59,37,2,0.615,-,45,379,311,86,31,0.258,2.96,31,2023-08-09 14:13:25.109576
2,ロッテ,94,49,41,4,0.544,7,49,343,340,67,52,0.237,3.4,49,2023-08-09 14:13:25.109576
3,ソフトバンク,96,48,46,2,0.511,3,47,352,338,67,44,0.245,3.25,33,2023-08-09 14:13:25.109576
5,西武,97,44,52,1,0.458,2.5,46,278,315,63,61,0.234,2.91,55,2023-08-09 14:13:25.109576
6,日本ハム,101,41,60,0,0.406,5.5,42,327,355,75,56,0.231,3.11,72,2023-08-09 14:13:25.109576
1,オリックス,99,59,38,2,0.608,-,44,380,314,86,31,0.257,2.96,32,2023-08-10 14:13:17.954805
2,ロッテ,95,50,41,4,0.549,6,48,346,341,68,53,0.237,3.37,49,2023-08-10 14:13:17.954805
3,ソフトバンク,97,49,46,2,0.516,3,46,363,342,69,46,0.247,3.26,33,2023-08-10 14:13:17.954805
4,楽天,99,47,51,1,0.48,3.5,44,352,394,84,71,0.241,3.58,52,2023-08-10 14:13:17.954805
5,西武,98,44,53,1,0.454,2.5,45,283,321,64,61,0.233,2.92,56,2023-08-10 14:13:17.954805
6,日本ハム,102,42,60,0,0.412,4.5,41,333,360,75,57,0.231,3.13,72,2023-08-10 14:13:17.954805
1,オリックス,100,59,39,2,0.602,-,43,380,319,86,31,0.256,2.99,33,2023-08-11 14:11:37.954409
2,ロッテ,96,50,42,4,0.543,6,47,348,349,68,53,0.237,3.37,52,2023-08-11 14:11:37.954409
3,ソフトバンク,98,50,46,2,0.521,2,45,370,346,70,48,0.248,3.27,33,2023-08-11 14:11:37.954409
4,楽天,100,48,51,1,0.485,3.5,43,357,394,86,72,0.241,3.55,52,2023-08-11 14:11:37.954409
5,西武,99,45,53,1,0.459,2.5,44,291,323,66,61,0.235,2.9,57,2023-08-11 14:11:37.954409
6,日本ハム,103,42,61,0,0.408,5.5,40,337,367,75,58,0.232,3.16,72,2023-08-11 14:11:37.954409
2,ロッテ,97,51,42,4,0.548,5.5,46,351,351,68,53,0.237,3.36,52,2023-08-12 14:10:26.924803
3,ソフトバンク,99,50,47,2,0.515,3,44,370,355,70,48,0.248,3.32,34,2023-08-12 14:10:26.924803
4,楽天,100,48,51,1,0.485,3,43,357,394,86,72,0.241,3.55,52,2023-08-12 14:10:26.924803
5,西武,100,45,54,1,0.455,3,43,293,326,67,61,0.234,2.9,58,2023-08-12 14:10:26.924803
6,日本ハム,104,43,61,0,0.413,4.5,39,346,367,78,58,0.233,3.13,72,2023-08-12 14:10:26.924803
1,オリックス,101,60,39,2,0.606,-,42,381,319,86,31,0.256,2.96,33,2023-08-13 14:10:31.631466
2,ロッテ,98,52,42,4,0.553,5.5,45,354,353,68,55,0.236,3.34,52,2023-08-13 14:10:31.631466
3,ソフトバンク,100,50,48,2,0.51,4,43,373,360,71,48,0.247,3.34,34,2023-08-13 14:10:31.631466
4,楽天,101,48,52,1,0.48,3,42,357,395,86,72,0.24,3.52,53,2023-08-13 14:10:31.631466
5,西武,101,45,55,1,0.45,3,42,295,329,68,61,0.234,2.9,58,2023-08-13 14:10:31.631466
6,日本ハム,105,44,61,0,0.419,3.5,38,351,370,80,59,0.233,3.13,72,2023-08-13 14:10:31.631466
2,ロッテ,99,52,43,4,0.547,6,44,359,359,70,55,0.237,3.37,52,2023-08-15 14:11:50.900007
3,ソフトバンク,100,50,48,2,0.51,3.5,43,373,360,71,48,0.247,3.34,34,2023-08-15 14:11:50.900007
4,楽天,102,49,52,1,0.485,2.5,41,362,398,86,74,0.241,3.51,53,2023-08-15 14:11:50.900007
5,西武,102,45,56,1,0.446,4,41,298,334,68,62,0.234,2.92,58,2023-08-15 14:11:50.900007
6,日本ハム,106,45,61,0,0.425,2.5,37,357,375,80,59,0.235,3.13,73,2023-08-15 14:11:50.900007
1,オリックス,102,60,40,2,0.6,-,41,383,322,86,31,0.256,2.93,35,2023-08-16 14:11:57.725549
2,ロッテ,100,52,44,4,0.542,6,43,359,365,70,55,0.237,3.4,54,2023-08-16 14:11:57.725549
3,ソフトバンク,101,51,48,2,0.515,2.5,42,376,362,71,48,0.247,3.33,34,2023-08-16 14:11:57.725549
4,楽天,103,49,53,1,0.48,3.5,40,363,402,87,74,0.241,3.52,53,2023-08-16 14:11:57.725549
5,西武,103,46,56,1,0.451,3,40,302,335,68,62,0.234,2.91,58,2023-08-16 14:11:57.725549
6,日本ハム,107,46,61,0,0.43,2.5,36,363,375,80,59,0.236,3.1,74,2023-08-16 14:11:57.725549
1,オリックス,103,61,40,2,0.604,-,40,385,323,87,31,0.255,2.91,35,2023-08-17 14:12:00.400545
2,ロッテ,101,52,45,4,0.536,7,42,359,370,70,55,0.237,3.41,55,2023-08-17 14:12:00.400545
3,ソフトバンク,102,51,49,2,0.51,2.5,41,377,364,71,48,0.247,3.32,34,2023-08-17 14:12:00.400545
4,楽天,104,49,54,1,0.476,3.5,39,365,406,87,75,0.241,3.53,53,2023-08-17 14:12:00.400545
5,西武,104,47,56,1,0.456,2,39,306,337,68,62,0.234,2.9,58,2023-08-17 14:12:00.400545
6,日本ハム,108,47,61,0,0.435,2.5,35,368,375,82,60,0.237,3.07,74,2023-08-17 14:12:00.400545
1,オリックス,104,61,40,3,0.604,-,39,386,324,87,32,0.255,2.88,35,2023-08-18 14:11:53.422073
2,ロッテ,102,53,45,4,0.541,6.5,41,363,371,71,57,0.237,3.39,56,2023-08-18 14:11:53.422073
3,ソフトバンク,103,52,49,2,0.515,2.5,40,385,364,73,48,0.248,3.29,34,2023-08-18 14:11:53.422073
4,楽天,105,49,55,1,0.471,4.5,38,366,410,87,75,0.241,3.52,54,2023-08-18 14:11:53.422073
5,西武,105,47,57,1,0.452,2,38,306,345,68,62,0.232,2.95,58,2023-08-18 14:11:53.422073
6,日本ハム,109,47,61,1,0.435,2,34,369,376,82,60,0.236,3.04,74,2023-08-18 14:11:53.422073
1,オリックス,105,62,40,3,0.608,-,38,388,325,89,33,0.254,2.86,36,2023-08-19 14:10:31.351373
2,ロッテ,103,53,46,4,0.535,7.5,40,368,378,71,57,0.237,3.4,57,2023-08-19 14:10:31.351373
3,ソフトバンク,104,53,49,2,0.52,1.5,39,388,366,74,48,0.247,3.27,34,2023-08-19 14:10:31.351373
4,楽天,106,50,55,1,0.476,4.5,37,373,415,87,77,0.242,3.53,54,2023-08-19 14:10:31.351373
5,西武,106,47,58,1,0.448,3,37,308,348,70,62,0.232,2.95,58,2023-08-19 14:10:31.351373
6,日本ハム,110,47,62,1,0.431,2,33,370,378,82,60,0.236,3.03,74,2023-08-19 14:10:31.351373
1,オリックス,106,63,40,3,0.612,-,37,389,325,89,34,0.253,2.83,37,2023-08-20 14:10:19.521648
2,ロッテ,104,54,46,4,0.54,7.5,39,372,381,71,57,0.238,3.39,57,2023-08-20 14:10:19.521648
3,ソフトバンク,105,53,50,2,0.515,2.5,38,392,372,77,48,0.248,3.3,34,2023-08-20 14:10:19.521648
4,楽天,107,50,56,1,0.472,4.5,36,376,419,87,79,0.243,3.54,54,2023-08-20 14:10:19.521648
5,西武,107,48,58,1,0.453,2,36,314,352,70,63,0.234,2.96,58,2023-08-20 14:10:19.521648
6,日本ハム,111,47,63,1,0.427,3,32,370,379,82,60,0.234,3.01,75,2023-08-20 14:10:19.521648
1,オリックス,107,64,40,3,0.615,-,36,394,326,89,34,0.253,2.81,37,2023-08-22 14:12:08.908329
2,ロッテ,105,55,46,4,0.545,7.5,38,377,384,73,57,0.238,3.39,58,2023-08-22 14:12:08.908329
3,ソフトバンク,106,53,51,2,0.51,3.5,37,395,377,79,48,0.247,3.32,34,2023-08-22 14:12:08.908329
4,楽天,108,50,57,1,0.467,4.5,35,378,425,87,80,0.243,3.57,54,2023-08-22 14:12:08.908329
5,西武,108,48,59,1,0.449,2,35,315,357,71,63,0.233,2.98,59,2023-08-22 14:12:08.908329
6,日本ハム,112,48,63,1,0.432,2,31,376,381,84,61,0.235,3.0,75,2023-08-22 14:12:08.908329
1,オリックス,108,65,40,3,0.619,-,35,397,326,89,34,0.253,2.79,37,2023-08-23 14:12:13.096765
2,ロッテ,106,55,47,4,0.539,8.5,37,382,393,76,57,0.239,3.44,58,2023-08-23 14:12:13.096765
3,ソフトバンク,107,54,51,2,0.514,2.5,36,404,382,81,48,0.248,3.33,34,2023-08-23 14:12:13.096765
4,楽天,109,50,58,1,0.463,5.5,34,382,435,88,81,0.243,3.62,55,2023-08-23 14:12:13.096765
5,西武,109,48,60,1,0.444,2,34,315,360,71,63,0.233,2.98,59,2023-08-23 14:12:13.096765
6,日本ハム,113,49,63,1,0.438,1,30,386,385,85,61,0.236,2.98,76,2023-08-23 14:12:13.096765
1,オリックス,109,66,40,3,0.623,-,34,402,326,90,36,0.253,2.76,37,2023-08-24 14:12:25.372067
2,ロッテ,107,56,47,4,0.544,8.5,36,387,397,76,57,0.24,3.45,59,2023-08-24 14:12:25.372067
3,ソフトバンク,108,54,52,2,0.509,3.5,35,408,387,83,48,0.248,3.35,34,2023-08-24 14:12:25.372067
4,楽天,109,50,58,1,0.463,5,34,382,435,88,81,0.243,3.62,55,2023-08-24 14:12:25.372067
5,西武,110,48,61,1,0.44,2.5,33,315,365,71,63,0.232,2.99,60,2023-08-24 14:12:25.372067
6,日本ハム,113,49,63,1,0.438,0.5,30,386,385,85,61,0.236,2.98,76,2023-08-24 14:12:25.372067
1,オリックス,110,67,40,3,0.626,-,33,406,329,90,36,0.254,2.76,37,2023-08-25 14:12:02.512137
2,ロッテ,108,56,48,4,0.538,9.5,35,390,401,76,58,0.241,3.46,59,2023-08-25 14:12:02.512137
3,ソフトバンク,109,54,53,2,0.505,3.5,34,410,390,83,50,0.247,3.34,35,2023-08-25 14:12:02.512137
4,楽天,110,51,58,1,0.468,4,33,385,437,88,81,0.243,3.6,55,2023-08-25 14:12:02.512137
5,西武,111,49,61,1,0.445,2.5,32,320,365,71,63,0.232,2.96,60,2023-08-25 14:12:02.512137
6,日本ハム,114,49,64,1,0.434,1.5,29,386,390,85,61,0.235,2.99,77,2023-08-25 14:12:02.512137
1,オリックス,111,67,40,4,0.626,M24,32,406,329,90,36,0.252,2.73,37,2023-08-26 14:10:42.664668
2,ロッテ,109,56,48,5,0.538,9.5,34,390,401,76,59,0.241,3.42,60,2023-08-26 14:10:42.664668
3,ソフトバンク,110,54,54,2,0.5,4,33,411,392,84,52,0.247,3.32,36,2023-08-26 14:10:42.664668
4,楽天,111,52,58,1,0.473,3,32,387,438,88,81,0.242,3.58,56,2023-08-26 14:10:42.664668
5,西武,112,49,62,1,0.441,3.5,31,320,372,71,64,0.232,3.0,60,2023-08-26 14:10:42.664668
6,日本ハム,115,50,64,1,0.439,0.5,28,393,390,86,62,0.236,2.97,77,2023-08-26 14:10:42.664668
1,オリックス,112,68,40,4,0.63,M22,31,411,331,90,36,0.253,2.72,37,2023-08-27 14:11:08.841842
2,ロッテ,110,56,49,5,0.533,10.5,33,392,406,77,59,0.24,3.41,61,2023-08-27 14:11:08.841842
3,ソフトバンク,111,54,55,2,0.495,4,32,412,399,84,52,0.246,3.34,38,2023-08-27 14:11:08.841842
4,楽天,112,53,58,1,0.477,2,31,394,439,88,81,0.244,3.55,56,2023-08-27 14:11:08.841842
5,日本ハム,116,51,64,1,0.443,4,27,397,393,87,63,0.237,2.97,77,2023-08-27 14:11:08.841842
6,西武,113,49,63,1,0.438,0.5,30,323,376,71,64,0.232,3.0,61,2023-08-27 14:11:08.841842
1,オリックス,113,68,41,4,0.624,M22,30,411,338,90,36,0.252,2.76,37,2023-08-29 14:12:17.897271
2,ロッテ,111,57,49,5,0.538,9.5,32,398,406,78,59,0.241,3.38,61,2023-08-29 14:12:17.897271
3,ソフトバンク,112,55,55,2,0.5,4,31,419,399,84,52,0.247,3.31,38,2023-08-29 14:12:17.897271
4,楽天,113,54,58,1,0.482,2,30,396,440,89,81,0.243,3.53,57,2023-08-29 14:12:17.897271
5,日本ハム,117,51,65,1,0.44,5,26,397,399,87,63,0.236,3.0,77,2023-08-29 14:12:17.897271
6,西武,114,49,64,1,0.434,0.5,29,324,378,71,65,0.232,3.0,61,2023-08-29 14:12:17.897271
1,オリックス,114,69,41,4,0.627,M20,29,419,342,92,36,0.253,2.78,37,2023-08-30 14:12:05.668928
2,ロッテ,112,57,50,5,0.533,10.5,31,400,409,78,59,0.241,3.37,64,2023-08-30 14:12:05.668928
3,ソフトバンク,113,55,56,2,0.495,4,30,423,407,86,52,0.247,3.32,40,2023-08-30 14:12:05.668928
4,楽天,114,55,58,1,0.487,1,29,402,444,90,81,0.243,3.54,58,2023-08-30 14:12:05.668928
5,日本ハム,118,52,65,1,0.444,5,25,400,401,87,63,0.236,2.99,77,2023-08-30 14:12:05.668928
6,西武,115,49,65,1,0.43,1.5,28,328,384,71,65,0.232,3.02,63,2023-08-30 14:12:05.668928
1,オリックス,115,69,42,4,0.622,M20,28,419,343,92,37,0.252,2.76,38,2023-08-31 14:12:32.402511
2,ロッテ,113,58,50,5,0.537,9.5,30,406,413,79,60,0.242,3.38,64,2023-08-31 14:12:32.402511
3,ソフトバンク,114,56,56,2,0.5,4,29,424,407,86,52,0.247,3.29,40,2023-08-31 14:12:32.402511
4,楽天,115,55,59,1,0.482,2,28,406,449,91,82,0.243,3.54,60,2023-08-31 14:12:32.402511
5,日本ハム,119,52,66,1,0.441,5,24,404,407,87,64,0.236,3.02,78,2023-08-31 14:12:32.402511
6,西武,116,50,65,1,0.435,0.5,27,333,388,72,67,0.232,3.02,63,2023-08-31 14:12:32.402511
1,オリックス,116,69,43,4,0.616,M20,27,419,346,92,37,0.251,2.77,38,2023-09-01 14:12:28.039337
2,ロッテ,114,59,50,5,0.541,8.5,29,411,413,81,62,0.242,3.35,64,2023-09-01 14:12:28.039337
3,ソフトバンク,115,56,57,2,0.496,5,28,424,413,86,52,0.247,3.31,40,2023-09-01 14:12:28.039337
4,楽天,116,55,60,1,0.478,2,27,406,454,91,83,0.242,3.56,60,2023-09-01 14:12:28.039337
5,日本ハム,120,53,66,1,0.445,4,23,407,407,88,64,0.237,2.99,78,2023-09-01 14:12:28.039337
6,西武,117,51,65,1,0.44,0.5,26,339,388,73,68,0.233,3.0,63,2023-09-01 14:12:28.039337
1,オリックス,117,70,43,4,0.619,M18,26,420,346,92,37,0.25,2.74,40,2023-09-02 14:10:44.503934
2,ロッテ,115,59,51,5,0.536,9.5,28,414,418,83,62,0.242,3.36,64,2023-09-02 14:10:44.503934
3,ソフトバンク,116,57,57,2,0.5,4,27,430,415,87,52,0.248,3.3,40,2023-09-02 14:10:44.503934
4,楽天,117,56,60,1,0.483,2,26,411,457,93,84,0.242,3.55,60,2023-09-02 14:10:44.503934
5,日本ハム,121,53,67,1,0.442,5,22,407,408,88,65,0.236,2.97,79,2023-09-02 14:10:44.503934
6,西武,118,51,66,1,0.436,0.5,25,341,394,73,68,0.234,2.99,64,2023-09-02 14:10:44.503934
1,オリックス,118,71,43,4,0.623,M16,25,423,347,93,38,0.25,2.72,41,2023-09-03 14:11:01.357280
2,ロッテ,116,59,52,5,0.532,10.5,27,418,423,84,62,0.242,3.38,65,2023-09-03 14:11:01.357280
3,ソフトバンク,117,58,57,2,0.504,3,26,433,417,88,53,0.247,3.29,42,2023-09-03 14:11:01.357280
4,楽天,118,57,60,1,0.487,2,25,416,461,96,84,0.243,3.55,61,2023-09-03 14:11:01.357280
5,日本ハム,122,53,68,1,0.438,6,21,408,411,88,65,0.236,2.98,79,2023-09-03 14:11:01.357280
6,西武,119,51,67,1,0.432,0.5,24,343,397,74,68,0.233,2.99,64,2023-09-03 14:11:01.357280
1,オリックス,119,71,44,4,0.617,M16,24,423,350,93,38,0.25,2.7,44,2023-09-05 14:12:19.545443
2,ロッテ,117,60,52,5,0.536,9.5,26,425,424,86,62,0.243,3.36,65,2023-09-05 14:12:19.545443
3,ソフトバンク,118,58,58,2,0.5,4,25,434,424,88,53,0.247,3.31,43,2023-09-05 14:12:19.545443
4,楽天,118,57,60,1,0.487,1.5,25,416,461,96,84,0.243,3.55,61,2023-09-05 14:12:19.545443
6,西武,120,52,67,1,0.437,0,23,346,397,75,68,0.233,2.96,64,2023-09-05 14:12:19.545443
1,オリックス,120,71,45,4,0.612,M15,23,426,354,93,39,0.249,2.71,44,2023-09-06 14:12:38.293082
2,ロッテ,118,60,53,5,0.531,9.5,25,425,427,86,62,0.242,3.36,65,2023-09-06 14:12:38.293082
3,ソフトバンク,119,59,58,2,0.504,3,24,437,424,88,54,0.247,3.29,43,2023-09-06 14:12:38.293082
5,西武,121,53,67,1,0.442,5.5,22,350,400,77,69,0.233,2.95,65,2023-09-06 14:12:38.293082
6,日本ハム,122,53,68,1,0.438,0.5,21,408,411,88,65,0.236,2.98,79,2023-09-06 14:12:38.293082
1,オリックス,120,71,45,4,0.612,M14,23,426,354,93,39,0.249,2.71,44,2023-09-07 14:12:26.779979
2,ロッテ,119,60,54,5,0.526,10,24,428,434,87,62,0.242,3.39,65,2023-09-07 14:12:26.779979
3,ソフトバンク,120,60,58,2,0.508,2,23,444,427,90,56,0.247,3.28,43,2023-09-07 14:12:26.779979
4,楽天,118,57,60,1,0.487,2.5,25,416,461,96,84,0.243,3.55,61,2023-09-07 14:12:26.779979
3,ソフトバンク,121,60,59,2,0.504,2.5,22,450,435,91,58,0.247,3.32,43,2023-09-08 14:12:24.833407
4,楽天,119,58,60,1,0.492,1.5,24,424,467,96,86,0.244,3.58,61,2023-09-08 14:12:24.833407
5,西武,122,54,67,1,0.446,5.5,21,356,400,78,69,0.233,2.92,66,2023-09-08 14:12:24.833407
6,日本ハム,123,53,69,1,0.434,1.5,20,408,417,88,65,0.235,2.99,79,2023-09-08 14:12:24.833407
1,オリックス,121,72,45,4,0.615,M12,22,430,354,94,39,0.249,2.68,44,2023-09-09 14:10:58.522459
2,ロッテ,120,60,55,5,0.522,11,23,428,438,87,62,0.241,3.39,68,2023-09-09 14:10:58.522459
3,ソフトバンク,122,61,59,2,0.508,1.5,21,457,437,91,58,0.248,3.31,44,2023-09-09 14:10:58.522459
4,楽天,120,58,61,1,0.487,2.5,23,426,474,96,86,0.244,3.59,62,2023-09-09 14:10:58.522459
5,西武,123,55,67,1,0.451,4.5,20,363,402,80,69,0.233,2.92,68,2023-09-09 14:10:58.522459
6,日本ハム,124,53,70,1,0.431,2.5,19,410,424,88,65,0.235,3.02,79,2023-09-09 14:10:58.522459
1,オリックス,122,73,45,4,0.619,M10,21,432,354,94,39,0.248,2.66,45,2023-09-10 14:10:51.814138
2,ロッテ,121,60,56,5,0.517,12,22,428,440,87,62,0.24,3.38,68,2023-09-10 14:10:51.814138
3,ソフトバンク,123,61,60,2,0.504,1.5,20,461,443,92,58,0.249,3.3,45,2023-09-10 14:10:51.814138
4,楽天,121,59,61,1,0.492,1.5,22,432,478,96,87,0.245,3.59,62,2023-09-10 14:10:51.814138
5,西武,124,56,67,1,0.455,4.5,19,373,402,80,70,0.236,2.89,69,2023-09-10 14:10:51.814138
6,日本ハム,125,53,71,1,0.427,3.5,18,410,434,88,65,0.234,3.05,81,2023-09-10 14:10:51.814138
1,オリックス,123,74,45,4,0.622,M9,20,440,355,95,40,0.249,2.65,45,2023-09-12 14:12:44.194683
2,ロッテ,122,61,56,5,0.521,12,21,433,443,88,62,0.24,3.37,68,2023-09-12 14:12:44.194683
3,ソフトバンク,124,62,60,2,0.508,1.5,19,469,447,92,58,0.249,3.3,45,2023-09-12 14:12:44.194683
4,楽天,122,59,62,1,0.488,2.5,21,435,483,96,88,0.244,3.58,63,2023-09-12 14:12:44.194683
5,西武,125,56,68,1,0.452,4.5,18,377,410,80,70,0.236,2.93,69,2023-09-12 14:12:44.194683
6,日本ハム,126,53,72,1,0.424,3.5,17,411,442,88,65,0.233,3.09,81,2023-09-12 14:12:44.194683
1,オリックス,124,74,46,4,0.617,M8,19,442,360,96,40,0.249,2.66,46,2023-09-13 14:12:46.526604
2,ロッテ,123,61,57,5,0.517,12,20,436,448,88,64,0.24,3.38,69,2023-09-13 14:12:46.526604
3,ソフトバンク,125,63,60,2,0.512,0.5,18,478,450,94,60,0.25,3.27,46,2023-09-13 14:12:46.526604
4,楽天,123,60,62,1,0.492,2.5,20,440,486,97,90,0.244,3.57,64,2023-09-13 14:12:46.526604
5,西武,126,56,69,1,0.448,5.5,17,380,419,80,70,0.235,2.98,69,2023-09-13 14:12:46.526604
6,日本ハム,127,54,72,1,0.429,2.5,16,416,444,88,66,0.234,3.07,82,2023-09-13 14:12:46.526604
1,オリックス,125,75,46,4,0.62,M7,18,444,360,97,40,0.248,2.64,50,2023-09-14 14:12:59.786446
2,ロッテ,123,61,57,5,0.517,12.5,20,436,448,88,64,0.24,3.38,69,2023-09-14 14:12:59.786446
3,ソフトバンク,126,63,61,2,0.508,1,17,480,454,94,60,0.249,3.28,47,2023-09-14 14:12:59.786446
4,楽天,124,60,63,1,0.488,2.5,19,440,488,97,90,0.243,3.55,65,2023-09-14 14:12:59.786446
5,西武,127,57,69,1,0.452,4.5,16,384,421,80,70,0.235,2.97,69,2023-09-14 14:12:59.786446
6,日本ハム,127,54,72,1,0.429,3,16,416,444,88,66,0.234,3.07,82,2023-09-14 14:12:59.786446
1,オリックス,126,75,47,4,0.615,M7,17,445,363,97,40,0.248,2.63,52,2023-09-16 14:10:52.676663
2,ロッテ,124,62,57,5,0.521,11.5,19,441,449,89,64,0.24,3.36,69,2023-09-16 14:10:52.676663
3,ソフトバンク,127,63,62,2,0.504,2,16,481,457,94,61,0.249,3.28,47,2023-09-16 14:10:52.676663
4,楽天,125,61,63,1,0.492,1.5,18,443,489,97,90,0.244,3.52,66,2023-09-16 14:10:52.676663
5,西武,128,57,70,1,0.449,5.5,15,385,426,81,70,0.235,2.98,70,2023-09-16 14:10:52.676663
6,日本ハム,128,55,72,1,0.433,2,15,419,445,90,67,0.234,3.06,82,2023-09-16 14:10:52.676663
1,オリックス,127,76,47,4,0.618,M5,16,451,367,98,40,0.248,2.64,52,2023-09-17 14:11:07.859771
2,ロッテ,125,62,58,5,0.517,12.5,18,443,452,90,64,0.239,3.36,69,2023-09-17 14:11:07.859771
3,ソフトバンク,128,63,63,2,0.5,2,15,482,463,95,61,0.248,3.31,48,2023-09-17 14:11:07.859771
4,楽天,126,61,64,1,0.488,1.5,17,447,495,98,92,0.244,3.55,67,2023-09-17 14:11:07.859771
5,西武,129,58,70,1,0.453,4.5,14,388,428,81,70,0.235,2.97,70,2023-09-17 14:11:07.859771
6,日本ハム,129,56,72,1,0.438,2,14,425,446,90,67,0.235,3.04,82,2023-09-17 14:11:07.859771
1,オリックス,128,77,47,4,0.621,M4,15,457,370,99,41,0.249,2.64,52,2023-09-18 14:13:02.244367
2,ロッテ,126,63,58,5,0.521,12.5,17,445,453,90,65,0.239,3.33,70,2023-09-18 14:13:02.244367
3,ソフトバンク,129,64,63,2,0.504,2,14,485,464,95,62,0.248,3.29,48,2023-09-18 14:13:02.244367
4,楽天,127,61,65,1,0.484,2.5,16,450,501,98,92,0.244,3.57,69,2023-09-18 14:13:02.244367
5,西武,130,58,71,1,0.45,4.5,13,389,430,81,70,0.234,2.95,70,2023-09-18 14:13:02.244367
6,日本ハム,130,56,73,1,0.434,2,13,426,449,91,67,0.234,3.04,82,2023-09-18 14:13:02.244367
1,オリックス,129,78,47,4,0.624,M2,14,460,372,99,42,0.249,2.64,52,2023-09-19 14:13:01.191258
2,ロッテ,127,63,59,5,0.516,13.5,16,447,456,91,65,0.238,3.33,70,2023-09-19 14:13:01.191258
3,ソフトバンク,130,64,64,2,0.5,2,13,487,467,95,62,0.247,3.29,48,2023-09-19 14:13:01.191258
4,楽天,128,62,65,1,0.488,1.5,15,453,503,98,92,0.244,3.55,70,2023-09-19 14:13:01.191258
5,西武,131,59,71,1,0.454,4.5,12,396,434,82,70,0.235,2.95,72,2023-09-19 14:13:01.191258
6,日本ハム,131,56,74,1,0.431,3,12,430,456,92,68,0.234,3.07,82,2023-09-19 14:13:01.191258
1,オリックス,130,79,47,4,0.627,優勝,13,466,374,99,42,0.249,2.63,52,2023-09-20 14:13:34.343816
2,ロッテ,128,63,60,5,0.512,14.5,15,449,462,91,65,0.239,3.35,70,2023-09-20 14:13:34.343816
3,ソフトバンク,131,64,65,2,0.496,2,12,488,473,95,63,0.247,3.31,48,2023-09-20 14:13:34.343816
4,楽天,129,63,65,1,0.492,0.5,14,459,504,98,95,0.244,3.53,70,2023-09-20 14:13:34.343816
5,西武,132,60,71,1,0.458,4.5,11,400,435,84,71,0.235,2.94,73,2023-09-20 14:13:34.343816
6,日本ハム,132,56,75,1,0.427,4,11,431,460,93,68,0.233,3.08,83,2023-09-20 14:13:34.343816
2,ロッテ,129,63,61,5,0.508,15,14,451,466,92,65,0.239,3.36,70,2023-09-21 14:13:08.435394
3,ソフトバンク,132,65,65,2,0.5,1,11,492,475,96,63,0.248,3.3,49,2023-09-21 14:13:08.435394
4,楽天,130,63,66,1,0.488,1.5,13,461,511,99,95,0.244,3.56,71,2023-09-21 14:13:08.435394
5,西武,133,61,71,1,0.462,3.5,10,407,437,87,71,0.234,2.93,73,2023-09-21 14:13:08.435394
6,日本ハム,132,56,75,1,0.427,4.5,11,431,460,93,68,0.233,3.08,83,2023-09-21 14:13:08.435394
4,楽天,131,63,67,1,0.485,2,12,461,514,99,95,0.243,3.54,73,2023-09-22 14:12:23.145216
5,西武,133,61,71,1,0.462,3,10,407,437,87,71,0.234,2.93,73,2023-09-22 14:12:23.145216
6,日本ハム,133,57,75,1,0.432,4,10,434,460,93,69,0.233,3.06,84,2023-09-22 14:12:23.145216
1,オリックス,131,80,47,4,0.63,優勝,12,472,375,99,42,0.25,2.62,52,2023-09-23 14:10:42.687445
2,ロッテ,130,63,62,5,0.504,16,13,452,468,93,66,0.238,3.35,71,2023-09-23 14:10:42.687445
3,ソフトバンク,133,65,66,2,0.496,1,10,493,481,97,64,0.248,3.32,49,2023-09-23 14:10:42.687445
4,楽天,132,64,67,1,0.489,1,11,465,515,99,96,0.244,3.52,73,2023-09-23 14:10:42.687445
5,西武,134,62,71,1,0.466,3,9,409,438,87,71,0.234,2.92,74,2023-09-23 14:10:42.687445
6,日本ハム,134,57,76,1,0.429,5,9,435,464,94,69,0.232,3.07,84,2023-09-23 14:10:42.687445
1,オリックス,132,81,47,4,0.633,優勝,11,476,376,101,43,0.249,2.61,52,2023-09-24 14:10:54.686183
2,ソフトバンク,134,66,66,2,0.5,17,9,500,487,97,66,0.248,3.34,49,2023-09-24 14:10:54.686183
2,ロッテ,131,63,63,5,0.5,0,12,458,475,94,67,0.239,3.37,74,2023-09-24 14:10:54.686183
4,楽天,133,65,67,1,0.492,1,10,468,516,100,97,0.244,3.5,74,2023-09-24 14:10:54.686183
5,西武,135,62,72,1,0.463,4,8,410,442,87,71,0.234,2.93,74,2023-09-24 14:10:54.686183
6,日本ハム,135,57,77,1,0.425,5,8,436,467,94,70,0.231,3.06,85,2023-09-24 14:10:54.686183
1,オリックス,133,82,47,4,0.636,優勝,10,480,379,102,45,0.249,2.61,53,2023-09-25 14:13:00.313318
2,ソフトバンク,135,67,66,2,0.504,17,8,510,488,99,69,0.249,3.33,49,2023-09-25 14:13:00.313318
3,楽天,134,66,67,1,0.4962,1,9,477,517,100,98,0.245,3.49,74,2023-09-25 14:13:00.313318
4,ロッテ,132,63,64,5,0.496,0,11,459,485,94,68,0.238,3.42,74,2023-09-25 14:13:00.313318
5,西武,136,62,73,1,0.459,5,7,413,446,87,72,0.234,2.94,74,2023-09-25 14:13:00.313318
6,日本ハム,136,57,78,1,0.422,5,7,437,476,95,70,0.23,3.11,85,2023-09-25 14:13:00.313318
1,オリックス,134,82,48,4,0.631,優勝,9,481,386,102,46,0.249,2.65,53,2023-09-26 14:13:25.238858
2,ソフトバンク,135,67,66,2,0.504,16.5,8,510,488,99,69,0.249,3.33,49,2023-09-26 14:13:25.238858
3,楽天,134,66,67,1,0.496,1,9,477,517,100,98,0.245,3.49,74,2023-09-26 14:13:25.238858
4,ロッテ,133,63,65,5,0.492,0.5,10,459,492,94,68,0.237,3.44,75,2023-09-26 14:13:25.238858
5,西武,137,63,73,1,0.463,4,6,420,447,87,72,0.234,2.92,75,2023-09-26 14:13:25.238858
6,日本ハム,137,58,78,1,0.426,5,6,444,476,97,70,0.231,3.08,86,2023-09-26 14:13:25.238858
1,オリックス,135,83,48,4,0.634,優勝,8,482,386,103,46,0.248,2.63,53,2023-09-27 14:12:58.780360
2,ソフトバンク,136,67,67,2,0.5,17.5,7,510,489,99,69,0.248,3.31,49,2023-09-27 14:12:58.780360
3,ロッテ,134,64,65,5,0.496,0.5,9,463,494,94,68,0.237,3.43,75,2023-09-27 14:12:58.780360
4,楽天,135,66,68,1,0.493,0.5,8,478,519,100,98,0.244,3.47,75,2023-09-27 14:12:58.780360
5,西武,138,64,73,1,0.467,3.5,5,422,448,87,72,0.234,2.91,75,2023-09-27 14:12:58.780360
6,日本ハム,138,58,79,1,0.423,6,5,446,480,97,70,0.231,3.08,87,2023-09-27 14:12:58.780360
1,オリックス,136,83,49,4,0.629,優勝,7,487,395,104,47,0.249,2.67,54,2023-09-28 14:13:08.393247
2,ソフトバンク,136,67,67,2,0.5,17,7,510,489,99,69,0.248,3.31,49,2023-09-28 14:13:08.393247
3,楽天,136,67,68,1,0.496,0.5,7,487,524,101,99,0.246,3.48,75,2023-09-28 14:13:08.393247
4,ロッテ,135,64,66,5,0.492,0.5,8,465,503,94,69,0.238,3.47,76,2023-09-28 14:13:08.393247
6,日本ハム,139,59,79,1,0.428,5.5,4,455,482,98,71,0.232,3.07,87,2023-09-28 14:13:08.393247
2,ソフトバンク,137,68,67,2,0.504,16.5,6,511,489,100,69,0.247,3.29,49,2023-09-29 14:10:48.516343
3,楽天,136,67,68,1,0.496,1,7,487,524,101,99,0.246,3.48,75,2023-09-29 14:10:48.516343
5,西武,139,64,74,1,0.464,4,4,422,449,87,72,0.233,2.9,75,2023-09-29 14:10:48.516343
6,日本ハム,139,59,79,1,0.428,5,4,455,482,98,71,0.232,3.07,87,2023-09-29 14:10:48.516343
1,オリックス,137,83,50,4,0.624,優勝,6,491,400,105,48,0.249,2.66,57,2023-09-30 14:11:01.752111
2,ソフトバンク,138,69,67,2,0.507,15.5,5,514,491,102,70,0.247,3.28,49,2023-09-30 14:11:01.752111
3,楽天,137,68,68,1,0.5,1,6,492,528,101,100,0.246,3.49,76,2023-09-30 14:11:01.752111
4,ロッテ,136,65,66,5,0.496,0.5,7,470,507,95,69,0.238,3.46,78,2023-09-30 14:11:01.752111
5,西武,140,64,75,1,0.46,5,3,426,454,87,75,0.233,2.91,75,2023-09-30 14:11:01.752111
6,日本ハム,140,59,80,1,0.424,5,3,457,485,98,72,0.232,3.07,87,2023-09-30 14:11:01.752111
1,オリックス,138,83,51,4,0.619,優勝,5,493,408,105,48,0.25,2.69,58,2023-10-01 14:11:20.970786
2,ソフトバンク,139,69,68,2,0.504,15.5,4,517,495,102,71,0.247,3.28,50,2023-10-01 14:11:20.970786
2,楽天,138,69,68,1,0.504,0,5,500,530,101,101,0.246,3.47,77,2023-10-01 14:11:20.970786
4,ロッテ,137,66,66,5,0.5,0.5,6,473,509,96,69,0.238,3.45,79,2023-10-01 14:11:20.970786
5,西武,141,64,76,1,0.457,6,2,428,457,87,79,0.233,2.92,75,2023-10-01 14:11:20.970786
6,日本ハム,141,60,80,1,0.429,4,2,461,488,100,73,0.231,3.06,90,2023-10-01 14:11:20.970786
1,オリックス,139,84,51,4,0.622,優勝,4,496,408,105,51,0.25,2.67,58,2023-10-02 14:12:58.249220
2,ソフトバンク,140,70,68,2,0.507,15.5,3,523,495,102,71,0.247,3.26,50,2023-10-02 14:12:58.249220
3,ロッテ,138,67,66,5,0.504,0.5,5,480,512,98,70,0.238,3.45,80,2023-10-02 14:12:58.249220
4,楽天,139,69,69,1,0.5,0.5,4,500,536,101,101,0.245,3.48,78,2023-10-02 14:12:58.249220
5,西武,142,64,77,1,0.454,6.5,1,431,464,89,80,0.233,2.95,75,2023-10-02 14:12:58.249220
6,日本ハム,142,60,81,1,0.426,4,1,461,491,100,74,0.231,3.06,92,2023-10-02 14:12:58.249220
2,ソフトバンク,141,71,68,2,0.511,15,2,530,498,102,72,0.248,3.26,50,2023-10-03 14:13:20.618638
3,ロッテ,139,67,67,5,0.5,1.5,4,481,516,99,70,0.238,3.45,80,2023-10-03 14:13:20.618638
4,楽天,140,69,70,1,0.496,0.5,3,503,543,102,101,0.245,3.51,78,2023-10-03 14:13:20.618638
5,西武,143,65,77,1,0.458,5.5,0,435,465,90,80,0.233,2.93,76,2023-10-03 14:13:20.618638
6,日本ハム,142,60,81,1,0.426,4.5,1,461,491,100,74,0.231,3.06,92,2023-10-03 14:13:20.618638
1,オリックス,140,84,52,4,0.618,優勝,3,499,414,106,51,0.25,2.69,59,2023-10-04 14:13:42.041409
2,ソフトバンク,141,71,68,2,0.511,14.5,2,530,498,102,72,0.248,3.26,50,2023-10-04 14:13:42.041409
3,ロッテ,140,68,67,5,0.504,1,3,487,519,99,70,0.237,3.45,80,2023-10-04 14:13:42.041409
4,楽天,140,69,70,1,0.496,1,3,503,543,102,101,0.245,3.51,78,2023-10-04 14:13:42.041409
4,楽天,141,70,70,1,0.5,0.5,2,508,546,103,102,0.245,3.51,79,2023-10-05 14:12:31.001556
5,西武,143,65,77,1,0.458,6,0,435,465,90,80,0.233,2.93,76,2023-10-05 14:12:31.001556
6,日本ハム,143,60,82,1,0.423,5,0,464,496,100,75,0.231,3.08,94,2023-10-05 14:12:31.001556
1,オリックス,141,84,53,4,0.613,優勝,2,500,426,106,51,0.249,2.75,60,2023-10-06 14:13:26.547334
2,ソフトバンク,141,71,68,2,0.511,14,2,530,498,102,72,0.248,3.26,50,2023-10-06 14:13:26.547334
3,ロッテ,141,69,67,5,0.507,0.5,2,499,520,99,71,0.24,3.43,81,2023-10-06 14:13:26.547334
4,楽天,141,70,70,1,0.5,1,2,508,546,103,102,0.245,3.51,79,2023-10-06 14:13:26.547334
1,オリックス,142,85,53,4,0.616,優勝,1,504,427,108,51,0.249,2.74,60,2023-10-08 14:10:53.028364
2,ソフトバンク,142,71,68,3,0.511,14.5,1,535,503,103,73,0.248,3.26,51,2023-10-08 14:10:53.028364
3,ロッテ,142,69,68,5,0.504,1,1,500,524,99,71,0.239,3.43,82,2023-10-08 14:10:53.028364
4,楽天,142,70,70,2,0.5,0.5,1,513,551,104,102,0.245,3.51,81,2023-10-08 14:10:53.028364
1,オリックス,143,86,53,4,0.619,優勝,0,508,428,109,52,0.25,2.73,60,2023-10-09 14:13:39.166047
2,ソフトバンク,143,71,69,3,0.507,15.5,0,536,507,104,73,0.248,3.27,52,2023-10-09 14:13:39.166047
3,ロッテ,142,69,68,5,0.504,0.5,1,500,524,99,71,0.239,3.43,82,2023-10-09 14:13:39.166047
2,ロッテ,143,70,68,5,0.5072,15.5,0,505,524,100,73,0.239,3.4,83,2023-10-10 14:13:05.189712
3,ソフトバンク,143,71,69,3,0.5071,0,0,536,507,104,73,0.248,3.27,52,2023-10-10 14:13:05.189712
4,楽天,143,70,71,2,0.496,1.5,0,513,556,104,102,0.244,3.52,82,2023-10-10 14:13:05.189712
